"1",80,99321.3113875071,474281.044282795,2,2023-03-18 08:58:30
"2",117,121316.970889221,490552.702185769,2,2023-03-18 08:58:30
"1",86,140161.311477131,472429.105374546,3,2023-03-18 08:58:31
"2",109,126475.165218304,482668.57969357,3,2023-03-18 08:58:31
"3",4,129052.494726503,470348.199040444,3,2023-03-18 08:58:31
"1",84,112811.642434879,484677.830351517,11,2023-03-18 09:04:35
"2",101,110903.454563227,478831.989575326,11,2023-03-18 09:04:35
"3",90,106237.559825181,499280.994100206,11,2023-03-18 09:04:35
"4",127,141511.995773071,484847.747120847,11,2023-03-18 09:04:35
"5",111,112954.068755051,482994.35731128,11,2023-03-18 09:04:35
"6",43,112553.721512009,489825.566328099,11,2023-03-18 09:04:35
"7",21,113217.656033907,474649.090699144,11,2023-03-18 09:04:35
"8",20,117516.247343052,493043.10177604,11,2023-03-18 09:04:35
"9",31,109622.831312561,478464.162088425,11,2023-03-18 09:04:35
"10",73,114270.627413077,474341.019693942,11,2023-03-18 09:04:35
"11",38,114646.451377946,484054.909537098,11,2023-03-18 09:04:35
"1",28,120117.583112867,490051.787517806,2,2023-03-18 09:05:54
"2",136,100415.145826281,479516.13540034,2,2023-03-18 09:05:54
"1",94,115908.673784334,495421.349644765,4,2023-03-18 09:07:34
"2",22,103386.524774476,483071.682129607,4,2023-03-18 09:07:34
"3",10,140714.952664261,484865.324641875,4,2023-03-18 09:07:34
"4",100,119534.66633207,490022.284260604,4,2023-03-18 09:07:34
"1",100,119534.672302863,490017.8539148,3,2023-03-18 09:08:20
"2",22,103386.428951843,483071.952535084,3,2023-03-18 09:08:20
"3",11,139818.188396438,484094.531542516,3,2023-03-18 09:08:20
"1",139,140736.758703028,484409.002665103,5,2023-03-18 09:11:56
"2",50,119091.960054635,488446.793742889,5,2023-03-18 09:11:56
"3",22,103386.452288408,483068.48772402,5,2023-03-18 09:11:56
"4",114,123746.681138807,483450.011000496,5,2023-03-18 09:11:56
"5",68,116544.234154214,497965.46406271,5,2023-03-18 09:11:56
"1",11,139818.2005898,484096.795109946,6,2023-03-18 09:12:18
"2",22,103386.502978927,483068.774368495,6,2023-03-18 09:12:18
"3",134,98971.7805915722,476112.882617579,6,2023-03-18 09:12:18
"4",26,118529.534361913,490043.678129347,6,2023-03-18 09:12:18
"5",94,115908.602313097,495424.745102102,6,2023-03-18 09:12:18
"6",60,118032.793503295,483977.126607055,6,2023-03-18 09:12:18
"1",22,103386.435854415,483068.633251365,7,2023-03-18 09:16:04
"2",108,116173.719934112,495611.066668916,7,2023-03-18 09:16:04
"3",60,118032.753624127,483974.948219353,7,2023-03-18 09:16:04
"4",133,100298.685568241,478270.462535896,7,2023-03-18 09:16:04
"5",87,125020.253132138,483278.413461726,7,2023-03-18 09:16:04
"6",11,139818.213037105,484096.483107253,7,2023-03-18 09:16:04
"7",26,118529.599459429,490042.192895527,7,2023-03-18 09:16:04
"1",92,131488.535676684,503157.024800497,8,2023-03-18 09:17:37
"2",119,117014.610517531,489445.219414452,8,2023-03-18 09:17:37
"3",133,100298.568273961,478273.761616705,8,2023-03-18 09:17:37
"4",22,103386.508528247,483071.9051495,8,2023-03-18 09:17:37
"5",87,125020.245430607,483276.753930427,8,2023-03-18 09:17:37
"6",11,139818.144876456,484098.437804272,8,2023-03-18 09:17:37
"7",60,118032.792389463,483977.804300397,8,2023-03-18 09:17:37
"8",94,115908.675386853,495423.888776081,8,2023-03-18 09:17:37
"1",60,118032.750669581,483973.629985484,10,2023-03-18 09:20:40
"2",109,126475.196690695,482670.281416585,10,2023-03-18 09:20:40
"3",26,118529.544871509,490044.183894494,10,2023-03-18 09:20:40
"4",134,98971.8090196086,476109.586199195,10,2023-03-18 09:20:40
"5",11,139818.160977073,484099.352683734,10,2023-03-18 09:20:40
"6",55,123536.540603211,488604.62137612,10,2023-03-18 09:20:40
"7",108,116173.732680372,495606.446531492,10,2023-03-18 09:20:40
"8",92,131488.532467329,503158.831101883,10,2023-03-18 09:20:40
"9",22,103386.519960732,483074.078926182,10,2023-03-18 09:20:40
"10",36,100729.158958747,497591.4230819,10,2023-03-18 09:20:40
"1",22,103386.462528714,483069.639614853,9,2023-03-18 09:27:59
"2",11,139818.194906734,484094.346406034,9,2023-03-18 09:27:59
"3",60,118032.725416533,483973.029848259,9,2023-03-18 09:27:59
"4",108,116173.777585997,495607.71303501,9,2023-03-18 09:27:59
"5",87,125020.250031668,483277.378824676,9,2023-03-18 09:27:59
"6",76,125477.378877424,496825.917768013,9,2023-03-18 09:27:59
"7",36,100729.208806843,497592.141060534,9,2023-03-18 09:27:59
"8",100,119534.627198095,490021.564993008,9,2023-03-18 09:27:59
"9",133,100298.651782426,478268.086126678,9,2023-03-18 09:27:59
"1",76,125477.346707202,496829.314454856,15,2023-03-18 09:36:23
"2",93,141526.48141489,470240.74670064,15,2023-03-18 09:36:23
"3",74,107022.814438848,478442.615591452,15,2023-03-18 09:36:23
"4",10,140714.991085936,484868.052142796,15,2023-03-18 09:36:23
"5",60,118032.780721887,483975.392933978,15,2023-03-18 09:36:23
"6",105,104096.276417476,475467.239540862,15,2023-03-18 09:36:23
"7",94,115908.688994854,495421.44803092,15,2023-03-18 09:36:23
"8",26,118529.493839092,490046.008186371,15,2023-03-18 09:36:23
"9",22,103386.482676282,483070.6361173,15,2023-03-18 09:36:23
"10",92,131488.490776208,503160.864956645,15,2023-03-18 09:36:23
"11",36,100729.196722155,497594.070015114,15,2023-03-18 09:36:23
"12",59,117548.842768351,477554.786464876,15,2023-03-18 09:36:23
"13",131,98621.1373073408,478719.761235919,15,2023-03-18 09:36:23
"14",55,123536.56933589,488606.700569926,15,2023-03-18 09:36:23
"15",53,124496.156149565,479378.601468361,15,2023-03-18 09:36:23
"1",97,131728.815739434,476038.617504087,5,2023-03-18 09:45:56
"2",137,98973.0975628206,474291.182675639,5,2023-03-18 09:45:56
"3",21,113217.638790819,474647.127432,5,2023-03-18 09:45:56
"4",13,104213.654478291,498153.340896741,5,2023-03-18 09:45:56
"5",21,113217.658415585,474645.138363323,5,2023-03-18 09:45:56
"1",85,136803.422175586,475486.401792893,16,2023-03-18 09:46:05
"2",126,142342.693466615,486077.564753149,16,2023-03-18 09:46:05
"3",118,121544.763868404,490719.837740772,16,2023-03-18 09:46:05
"4",43,112553.752824182,489825.713138066,16,2023-03-18 09:46:05
"5",9,142427.501605216,488747.043469247,16,2023-03-18 09:46:05
"6",64,120407.655901225,493363.456281248,16,2023-03-18 09:46:05
"7",65,114928.352320733,500911.29949919,16,2023-03-18 09:46:05
"8",111,112954.046236902,482991.336931418,16,2023-03-18 09:46:05
"9",14,109930.743597954,478754.212172808,16,2023-03-18 09:46:05
"10",119,117014.627579723,489441.674303706,16,2023-03-18 09:46:05
"11",32,106438.442461794,484881.100348373,16,2023-03-18 09:46:05
"12",49,119512.204042922,488153.956855428,16,2023-03-18 09:46:05
"13",57,112519.203902309,484593.263522154,16,2023-03-18 09:46:05
"14",104,120088.692113392,493865.089653615,16,2023-03-18 09:46:05
"15",29,117792.170523733,490344.908409088,16,2023-03-18 09:46:05
"16",21,113217.580369143,474647.215130528,16,2023-03-18 09:46:05
"1",49,119512.149422663,488156.091555972,27,2023-03-18 09:46:22
"2",119,117014.619863697,489447.33291508,27,2023-03-18 09:46:22
"3",76,125477.447402658,496827.26426937,27,2023-03-18 09:46:22
"4",137,98973.0720282369,474294.451615446,27,2023-03-18 09:46:22
"5",82,111999.38929174,484400.647275926,27,2023-03-18 09:46:22
"6",108,116173.7882649,495612.628907523,27,2023-03-18 09:46:22
"7",80,99321.3451588187,474283.374011114,27,2023-03-18 09:46:22
"8",104,120088.670890271,493865.075427853,27,2023-03-18 09:46:22
"9",118,121544.767766195,490717.198014403,27,2023-03-18 09:46:22
"10",129,98460.9889570708,478073.670619183,27,2023-03-18 09:46:22
"11",73,114270.72216597,474342.382683421,27,2023-03-18 09:46:22
"12",91,129423.629685902,483622.566838713,27,2023-03-18 09:46:22
"13",22,103386.487311288,483073.038091267,27,2023-03-18 09:46:22
"14",100,119534.732033803,490016.316541591,27,2023-03-18 09:46:22
"15",39,128446.263782913,493853.185398261,27,2023-03-18 09:46:22
"16",12,117432.626936278,471663.408842531,27,2023-03-18 09:46:22
"17",106,127505.232817989,482717.300235653,27,2023-03-18 09:46:22
"18",104,120088.611175984,493862.151842147,27,2023-03-18 09:46:22
"19",118,121544.797764625,490717.951474297,27,2023-03-18 09:46:22
"20",40,114173.939298018,482729.772567243,27,2023-03-18 09:46:22
"21",38,114646.48986637,484059.276904399,27,2023-03-18 09:46:22
"22",40,114173.926351964,482730.569323474,27,2023-03-18 09:46:22
"23",28,120117.565198733,490054.646667547,27,2023-03-18 09:46:22
"24",62,114653.421186392,483263.645849025,27,2023-03-18 09:46:22
"25",115,122994.717250917,483236.354348005,27,2023-03-18 09:46:22
"26",119,117014.647858781,489443.208133211,27,2023-03-18 09:46:22
"27",127,141511.961128832,484848.383788162,27,2023-03-18 09:46:22
"1",102,112521.256323583,477253.55745963,30,2023-03-18 09:46:38
"2",76,125477.414134883,496828.002844071,30,2023-03-18 09:46:38
"3",5,128994.462855459,470189.968869147,30,2023-03-18 09:46:38
"4",28,120117.545587872,490052.028412266,30,2023-03-18 09:46:38
"5",48,120604.034735128,491232.530816075,30,2023-03-18 09:46:38
"6",116,119918.069912366,491752.940473595,30,2023-03-18 09:46:38
"7",4,129052.550157968,470346.680426067,30,2023-03-18 09:46:38
"8",35,115906.582732702,472903.726394443,30,2023-03-18 09:46:38
"9",41,115267.784678,473291.080897432,30,2023-03-18 09:46:38
"10",62,114653.430671964,483262.761673696,30,2023-03-18 09:46:38
"11",54,108909.193015648,479005.748038808,30,2023-03-18 09:46:38
"12",90,106237.577440601,499283.168476947,30,2023-03-18 09:46:38
"13",41,115267.831187225,473290.247837469,30,2023-03-18 09:46:38
"14",117,121316.955631362,490554.155586484,30,2023-03-18 09:46:38
"15",29,117792.14525218,490347.133078333,30,2023-03-18 09:46:38
"16",101,110903.475654004,478831.494041791,30,2023-03-18 09:46:38
"17",52,124354.235261381,488815.07440968,30,2023-03-18 09:46:38
"18",33,140344.141760868,475621.497180685,30,2023-03-18 09:46:38
"19",48,120604.020938768,491228.191166155,30,2023-03-18 09:46:38
"20",136,100415.152089845,479517.111045076,30,2023-03-18 09:46:38
"21",34,133314.247900384,500373.444763419,30,2023-03-18 09:46:38
"22",94,115908.688633691,495420.633106547,30,2023-03-18 09:46:38
"23",130,98056.4832496173,479363.147525475,30,2023-03-18 09:46:38
"24",25,108362.281088372,502224.363210322,30,2023-03-18 09:46:38
"25",109,126475.116529971,482667.260870408,30,2023-03-18 09:46:38
"26",40,114173.936393784,482730.421856387,30,2023-03-18 09:46:38
"27",84,112811.575243325,484682.376169807,30,2023-03-18 09:46:38
"28",73,114270.738242349,474346.516808721,30,2023-03-18 09:46:38
"29",65,114928.308612253,500912.666261387,30,2023-03-18 09:46:38
"30",120,105136.329440668,502087.698348269,30,2023-03-18 09:46:38
"1",28,120117.646685086,490055.361445361,2,2023-03-18 09:47:17
"2",32,106438.453764767,484878.212993647,2,2023-03-18 09:47:17
"1",100,119534.713284036,490018.836985363,3,2023-03-18 09:49:16
"2",22,103386.434774535,483068.185969374,3,2023-03-18 09:49:16
"3",11,139818.141577489,484096.871670603,3,2023-03-18 09:49:16
"1",28,120117.584987823,490051.97845798,4,2023-03-18 09:51:04
"2",11,139818.151497877,484095.091316289,4,2023-03-18 09:51:04
"3",22,103386.455259591,483070.777823073,4,2023-03-18 09:51:04
"4",108,116173.756628261,495612.337185418,4,2023-03-18 09:51:04
"1",11,139818.151816375,484093.847095808,6,2023-03-18 09:54:03
"2",92,131488.516968197,503157.241080902,6,2023-03-18 09:54:03
"3",108,116173.68623877,495611.673063296,6,2023-03-18 09:54:03
"4",26,118529.554984054,490045.322889999,6,2023-03-18 09:54:03
"5",22,103386.515897823,483069.825379747,6,2023-03-18 09:54:03
"6",115,122994.770437772,483236.250120518,6,2023-03-18 09:54:03
"1",19,123451.395976092,482846.06149483,8,2023-03-18 09:59:59
"2",133,100298.630546591,478269.653651559,8,2023-03-18 09:59:59
"3",108,116173.780189213,495607.253247259,8,2023-03-18 09:59:59
"4",11,139818.197851167,484097.552275094,8,2023-03-18 09:59:59
"5",70,125442.689589722,493071.382385286,8,2023-03-18 09:59:59
"6",26,118529.552366943,490048.195517785,8,2023-03-18 09:59:59
"7",60,118032.701885908,483975.271107205,8,2023-03-18 09:59:59
"8",22,103386.536661696,483067.840735922,8,2023-03-18 09:59:59
"1",133,100298.651699656,478270.521339879,7,2023-03-18 10:03:14
"2",16,123446.9978501,482202.456727937,7,2023-03-18 10:03:14
"3",26,118529.572509796,490048.285134654,7,2023-03-18 10:03:14
"4",11,139818.136602464,484097.544071682,7,2023-03-18 10:03:14
"5",92,131488.495130954,503161.615159732,7,2023-03-18 10:03:14
"6",108,116173.710968643,495606.400624844,7,2023-03-18 10:03:14
"7",22,103386.450792967,483073.830894923,7,2023-03-18 10:03:14
"1",92,131488.497430377,503158.297129769,9,2023-03-18 10:09:45
"2",60,118032.772401897,483975.385676897,9,2023-03-18 10:09:45
"3",139,140736.816987081,484411.717646869,9,2023-03-18 10:09:45
"4",133,100298.664687358,478269.712035503,9,2023-03-18 10:09:45
"5",26,118529.498377151,490047.059606662,9,2023-03-18 10:09:45
"6",108,116173.748111792,495610.078218864,9,2023-03-18 10:09:45
"7",22,103386.488375894,483071.434946811,9,2023-03-18 10:09:45
"8",55,123536.57150912,488603.254859602,9,2023-03-18 10:09:45
"9",109,126475.200300085,482670.519368395,9,2023-03-18 10:09:45
"1",87,125020.250105473,483279.323340593,10,2023-03-18 10:48:02
"2",108,116173.752459158,495612.538556477,10,2023-03-18 10:48:02
"3",131,98621.0880909681,478718.3833534,10,2023-03-18 10:48:02
"4",36,100729.246132522,497591.344574816,10,2023-03-18 10:48:02
"5",92,131488.504005049,503158.222683383,10,2023-03-18 10:48:02
"6",60,118032.748869229,483973.537404646,10,2023-03-18 10:48:02
"7",11,139818.187101903,484094.661218108,10,2023-03-18 10:48:02
"8",22,103386.487943039,483068.919144451,10,2023-03-18 10:48:02
"9",26,118529.525860476,490045.355364995,10,2023-03-18 10:48:02
"10",105,104096.264856265,475470.033755299,10,2023-03-18 10:48:02
"1",22,103386.444120254,483068.422599727,12,2023-03-18 10:50:57
"2",92,131488.533006147,503159.50270732,12,2023-03-18 10:50:57
"3",131,98621.0963124042,478719.760625115,12,2023-03-18 10:50:57
"4",36,100729.225228132,497590.710037422,12,2023-03-18 10:50:57
"5",26,118529.59819015,490045.420321955,12,2023-03-18 10:50:57
"6",11,139818.229867457,484097.929707871,12,2023-03-18 10:50:57
"7",53,124496.159805269,479380.930785536,12,2023-03-18 10:50:57
"8",35,115906.612488425,472904.421899019,12,2023-03-18 10:50:57
"9",105,104096.272790537,475470.925833741,12,2023-03-18 10:50:57
"10",108,116173.700340658,495608.009702872,12,2023-03-18 10:50:57
"11",60,118032.736153768,483974.745542584,12,2023-03-18 10:50:57
"12",55,123536.567104384,488604.094019053,12,2023-03-18 10:50:57
"1",60,118032.686073547,483973.733322462,11,2023-03-18 10:56:55
"2",55,123536.635653235,488607.628771942,11,2023-03-18 10:56:55
"3",11,139818.161282239,484094.312564316,11,2023-03-18 10:56:55
"4",61,116364.628184283,474671.61719891,11,2023-03-18 10:56:55
"5",22,103386.537429125,483070.474076451,11,2023-03-18 10:56:55
"6",92,131488.513801318,503156.614047025,11,2023-03-18 10:56:55
"7",133,100298.589840717,478272.795460158,11,2023-03-18 10:56:55
"8",36,100729.250329205,497593.626120712,11,2023-03-18 10:56:55
"9",108,116173.788577318,495610.477414296,11,2023-03-18 10:56:55
"10",109,126475.126500292,482665.771304929,11,2023-03-18 10:56:55
"11",26,118529.585842844,490046.870964167,11,2023-03-18 10:56:55
"1",109,126475.185965395,482668.541582277,13,2023-03-18 10:59:02
"2",60,118032.721842469,483971.915566417,13,2023-03-18 10:59:02
"3",92,131488.50425864,503158.382747403,13,2023-03-18 10:59:02
"4",36,100729.235757898,497592.794381058,13,2023-03-18 10:59:02
"5",61,116364.689314521,474674.293112099,13,2023-03-18 10:59:02
"6",55,123536.591986066,488605.965285314,13,2023-03-18 10:59:02
"7",26,118529.49701504,490046.46307167,13,2023-03-18 10:59:02
"8",79,140924.593571941,471235.831518824,13,2023-03-18 10:59:02
"9",22,103386.475105163,483071.002198962,13,2023-03-18 10:59:02
"10",105,104096.233905027,475468.488847334,13,2023-03-18 10:59:02
"11",11,139818.183540832,484098.38592482,13,2023-03-18 10:59:02
"12",108,116173.68204032,495607.078507196,13,2023-03-18 10:59:02
"13",131,98621.0851255451,478718.603317068,13,2023-03-18 10:59:02
"1",26,118529.598349703,490046.632561435,14,2023-03-18 11:07:01
"2",105,104096.181716559,475471.704838777,14,2023-03-18 11:07:01
"3",112,122181.696977344,490106.142153842,14,2023-03-18 11:07:01
"4",11,139818.149573555,484097.765454409,14,2023-03-18 11:07:01
"5",79,140924.648018374,471234.045690976,14,2023-03-18 11:07:01
"6",92,131488.527144675,503156.595599789,14,2023-03-18 11:07:01
"7",61,116364.712037927,474671.973503129,14,2023-03-18 11:07:01
"8",22,103386.474492026,483068.053278489,14,2023-03-18 11:07:01
"9",108,116173.748708993,495610.858391816,14,2023-03-18 11:07:01
"10",60,118032.703707859,483978.199782432,14,2023-03-18 11:07:01
"11",76,125477.343872092,496826.793517209,14,2023-03-18 11:07:01
"12",131,98621.1088770761,478716.427243666,14,2023-03-18 11:07:01
"13",36,100729.244737227,497594.280793299,14,2023-03-18 11:07:01
"14",87,125020.219414728,483275.839045518,14,2023-03-18 11:07:01
"1",79,140924.606059491,471231.886798085,15,2023-03-18 11:15:40
"2",74,107022.816007516,478441.757752182,15,2023-03-18 11:15:40
"3",129,98460.9958907406,478079.506016113,15,2023-03-18 11:15:40
"4",108,116173.755199723,495611.870287648,15,2023-03-18 11:15:40
"5",60,118032.71190773,483975.040059331,15,2023-03-18 11:15:40
"6",138,106723.72545333,470975.723167985,15,2023-03-18 11:15:40
"7",55,123536.54248874,488603.755723974,15,2023-03-18 11:15:40
"8",36,100729.192635228,497593.82948769,15,2023-03-18 11:15:40
"9",109,126475.120040896,482670.133713442,15,2023-03-18 11:15:40
"10",26,118529.591532162,490044.703470359,15,2023-03-18 11:15:40
"11",11,139818.166124697,484094.116266126,15,2023-03-18 11:15:40
"12",22,103386.537994477,483070.898018398,15,2023-03-18 11:15:40
"13",61,116364.610549797,474669.221708305,15,2023-03-18 11:15:40
"14",92,131488.474802613,503156.492561437,15,2023-03-18 11:15:40
"15",15,112619.558329313,485882.754707008,15,2023-03-18 11:15:40
"1",109,126475.197205799,482671.613731645,17,2023-03-18 11:35:43
"2",138,106723.72143599,470974.900616788,17,2023-03-18 11:35:43
"3",36,100729.178764053,497591.857670033,17,2023-03-18 11:35:43
"4",131,98621.1794700427,478715.338230212,17,2023-03-18 11:35:43
"5",108,116173.735340582,495612.785317153,17,2023-03-18 11:35:43
"6",115,122994.73244878,483234.475795934,17,2023-03-18 11:35:43
"7",74,107022.747038861,478442.132162749,17,2023-03-18 11:35:43
"8",26,118529.523680898,490045.784728752,17,2023-03-18 11:35:43
"9",113,121917.608020119,489519.672410816,17,2023-03-18 11:35:43
"10",22,103386.544577887,483072.293542237,17,2023-03-18 11:35:43
"11",11,139818.179000451,484093.45554062,17,2023-03-18 11:35:43
"12",92,131488.556003914,503161.791362073,17,2023-03-18 11:35:43
"13",61,116364.66802169,474673.072871424,17,2023-03-18 11:35:43
"14",79,140924.639475641,471232.458348068,17,2023-03-18 11:35:43
"15",15,112619.633766092,485886.643004456,17,2023-03-18 11:35:43
"16",60,118032.737708966,483973.196160819,17,2023-03-18 11:35:43
"17",76,125477.355967667,496828.99555546,17,2023-03-18 11:35:43
"1",79,140924.647331717,471233.370625019,18,2023-03-18 11:43:54
"2",76,125477.369545024,496824.860757773,18,2023-03-18 11:43:54
"3",36,100729.256434418,497588.984013729,18,2023-03-18 11:43:54
"4",113,121917.614745446,489517.917608561,18,2023-03-18 11:43:54
"5",74,107022.748737686,478441.380717839,18,2023-03-18 11:43:54
"6",26,118529.558484473,490044.428747016,18,2023-03-18 11:43:54
"7",88,112618.635246337,500074.186049754,18,2023-03-18 11:43:54
"8",61,116364.717577294,474673.322447053,18,2023-03-18 11:43:54
"9",94,115908.636880725,495419.403113106,18,2023-03-18 11:43:54
"10",22,103386.515064213,483073.615765186,18,2023-03-18 11:43:54
"11",11,139818.16429291,484099.399103978,18,2023-03-18 11:43:54
"12",109,126475.211185487,482670.945669434,18,2023-03-18 11:43:54
"13",60,118032.752070713,483973.870177331,18,2023-03-18 11:43:54
"14",129,98460.958934426,478074.958153159,18,2023-03-18 11:43:54
"15",115,122994.723242911,483235.497114249,18,2023-03-18 11:43:54
"16",92,131488.472869749,503156.681609349,18,2023-03-18 11:43:54
"17",138,106723.713684776,470975.175329025,18,2023-03-18 11:43:54
"18",15,112619.591664064,485882.508324083,18,2023-03-18 11:43:54
"1",11,139818.24153976,484094.785095084,19,2023-03-18 11:53:44
"2",36,100729.264655957,497593.041036598,19,2023-03-18 11:53:44
"3",92,131488.501051865,503159.370292306,19,2023-03-18 11:53:44
"4",61,116364.674539144,474672.697376031,19,2023-03-18 11:53:44
"5",109,126475.217912753,482669.98027053,19,2023-03-18 11:53:44
"6",60,118032.682111417,483978.270237314,19,2023-03-18 11:53:44
"7",22,103386.500352131,483068.58050297,19,2023-03-18 11:53:44
"8",26,118529.500551725,490042.816540562,19,2023-03-18 11:53:44
"9",55,123536.550518387,488603.175247191,19,2023-03-18 11:53:44
"10",24,114331.604393723,489612.838028044,19,2023-03-18 11:53:44
"11",122,118004.670562662,506949.823326228,19,2023-03-18 11:53:44
"12",94,115908.6310697,495420.058644821,19,2023-03-18 11:53:44
"13",129,98460.9148420372,478077.282283007,19,2023-03-18 11:53:44
"14",76,125477.388894777,496825.28061761,19,2023-03-18 11:53:44
"15",79,140924.650277561,471232.981777609,19,2023-03-18 11:53:44
"16",88,112618.683902864,500070.610159403,19,2023-03-18 11:53:44
"17",15,112619.591255423,485883.212588175,19,2023-03-18 11:53:44
"18",138,106723.728705319,470975.583335854,19,2023-03-18 11:53:44
"19",74,107022.806753918,478442.741519955,19,2023-03-18 11:53:44
"1",76,125477.420739062,496830.784020311,20,2023-03-18 12:11:55
"2",105,104096.215379003,475466.492365128,20,2023-03-18 12:11:55
"3",131,98621.0940503551,478717.173244849,20,2023-03-18 12:11:55
"4",24,114331.635714203,489611.5208534,20,2023-03-18 12:11:55
"5",12,117432.683714502,471666.217537284,20,2023-03-18 12:11:55
"6",11,139818.22302626,484093.898911321,20,2023-03-18 12:11:55
"7",106,127505.320905593,482720.099896001,20,2023-03-18 12:11:55
"8",55,123536.603411672,488607.836465995,20,2023-03-18 12:11:55
"9",138,106723.787520792,470972.998175653,20,2023-03-18 12:11:55
"10",79,140924.597921179,471235.422928299,20,2023-03-18 12:11:55
"11",22,103386.447076074,483069.97525752,20,2023-03-18 12:11:55
"12",108,116173.787453186,495608.036872112,20,2023-03-18 12:11:55
"13",15,112619.608757088,485886.635715233,20,2023-03-18 12:11:55
"14",36,100729.222877705,497591.266397668,20,2023-03-18 12:11:55
"15",53,124496.19429981,479377.574393447,20,2023-03-18 12:11:55
"16",60,118032.683821712,483976.229468216,20,2023-03-18 12:11:55
"17",26,118529.524573963,490043.063178098,20,2023-03-18 12:11:55
"18",110,116454.132624535,477803.738467246,20,2023-03-18 12:11:55
"19",74,107022.760378225,478444.730772705,20,2023-03-18 12:11:55
"20",92,131488.537586713,503161.868997005,20,2023-03-18 12:11:55
"1",24,114331.536814027,489609.729670586,21,2023-03-18 12:18:36
"2",11,139818.133821474,484097.941724185,21,2023-03-18 12:18:36
"3",112,122181.687130377,490107.887591214,21,2023-03-18 12:18:36
"4",94,115908.638816602,495422.729511804,21,2023-03-18 12:18:36
"5",15,112619.536975514,485883.339286445,21,2023-03-18 12:18:36
"6",131,98621.0805521902,478718.350455778,21,2023-03-18 12:18:36
"7",109,126475.142880484,482671.8796228,21,2023-03-18 12:18:36
"8",17,102700.323076689,474172.378342351,21,2023-03-18 12:18:36
"9",12,117432.664881724,471667.094939429,21,2023-03-18 12:18:36
"10",74,107022.742270334,478441.389864791,21,2023-03-18 12:18:36
"11",26,118529.548108116,490044.337334661,21,2023-03-18 12:18:36
"12",88,112618.65235475,500076.160781648,21,2023-03-18 12:18:36
"13",36,100729.246594956,497593.486261707,21,2023-03-18 12:18:36
"14",60,118032.757828929,483972.611069658,21,2023-03-18 12:18:36
"15",79,140924.609715286,471233.261017377,21,2023-03-18 12:18:36
"16",110,116454.144925751,477807.06249855,21,2023-03-18 12:18:36
"17",92,131488.490326023,503157.345638326,21,2023-03-18 12:18:36
"18",22,103386.515555796,483071.676251214,21,2023-03-18 12:18:36
"19",76,125477.420456864,496826.982581853,21,2023-03-18 12:18:36
"20",138,106723.760571261,470973.25715679,21,2023-03-18 12:18:36
"21",19,123451.336972021,482843.336051237,21,2023-03-18 12:18:36
"1",22,103386.545114111,483070.14454386,22,2023-03-18 12:24:33
"2",60,118032.682201673,483977.908848784,22,2023-03-18 12:24:33
"3",109,126475.106457905,482667.019823596,22,2023-03-18 12:24:33
"4",137,98973.0740736778,474292.013804578,22,2023-03-18 12:24:33
"5",76,125477.353367322,496826.635765236,22,2023-03-18 12:24:33
"6",115,122994.6951833,483240.603729988,22,2023-03-18 12:24:33
"7",105,104096.184794664,475470.646500159,22,2023-03-18 12:24:33
"8",79,140924.584545233,471231.568565906,22,2023-03-18 12:24:33
"9",92,131488.554426987,503158.325196418,22,2023-03-18 12:24:33
"10",36,100729.185280224,497589.551242463,22,2023-03-18 12:24:33
"11",94,115908.667227033,495422.099022032,22,2023-03-18 12:24:33
"12",131,98621.1507989848,478719.236899193,22,2023-03-18 12:24:33
"13",61,116364.696369708,474670.036148327,22,2023-03-18 12:24:33
"14",74,107022.777708464,478443.413170985,22,2023-03-18 12:24:33
"15",11,139818.180020813,484095.446413054,22,2023-03-18 12:24:33
"16",24,114331.590198802,489609.060819756,22,2023-03-18 12:24:33
"17",138,106723.789573442,470975.149936903,22,2023-03-18 12:24:33
"18",15,112619.601854293,485885.75807772,22,2023-03-18 12:24:33
"19",113,121917.652746802,489520.766298141,22,2023-03-18 12:24:33
"20",88,112618.611373747,500072.51395314,22,2023-03-18 12:24:33
"21",122,118004.721751735,506949.702054331,22,2023-03-18 12:24:33
"22",26,118529.485834656,490046.353622586,22,2023-03-18 12:24:33
"1",109,126475.215694772,482669.12718982,23,2023-03-18 12:36:44
"2",137,98973.1324246257,474289.921579486,23,2023-03-18 12:36:44
"3",79,140924.603940302,471231.390886853,23,2023-03-18 12:36:44
"4",55,123536.626686021,488604.158954109,23,2023-03-18 12:36:44
"5",129,98461.007646514,478077.764840073,23,2023-03-18 12:36:44
"6",76,125477.331835685,496830.895373416,23,2023-03-18 12:36:44
"7",22,103386.461932181,483068.860429279,23,2023-03-18 12:36:44
"8",26,118529.561198927,490043.052551132,23,2023-03-18 12:36:44
"9",15,112619.60020639,485881.375441168,23,2023-03-18 12:36:44
"10",105,104096.184461971,475471.576241104,23,2023-03-18 12:36:44
"11",24,114331.592318229,489609.321416931,23,2023-03-18 12:36:44
"12",94,115908.647243168,495422.790808962,23,2023-03-18 12:36:44
"13",11,139818.178633366,484095.638182856,23,2023-03-18 12:36:44
"14",36,100729.272327682,497594.152602316,23,2023-03-18 12:36:44
"15",74,107022.786756525,478442.768022038,23,2023-03-18 12:36:44
"16",110,116454.150501917,477802.150164296,23,2023-03-18 12:36:44
"17",60,118032.703077506,483975.864629438,23,2023-03-18 12:36:44
"18",12,117432.59130111,471667.182493985,23,2023-03-18 12:36:44
"19",112,122181.666492025,490110.688212129,23,2023-03-18 12:36:44
"20",92,131488.462472363,503159.408976846,23,2023-03-18 12:36:44
"21",138,106723.709737067,470969.427453015,23,2023-03-18 12:36:44
"22",115,122994.746212746,483237.293406891,23,2023-03-18 12:36:44
"23",88,112618.6305374,500070.927885539,23,2023-03-18 12:36:44
"1",59,117548.840392311,477551.28129821,24,2023-03-18 12:54:35
"2",88,112618.70420539,500071.298891965,24,2023-03-18 12:54:35
"3",76,125477.426650106,496826.192318255,24,2023-03-18 12:54:35
"4",109,126475.109701636,482671.61657339,24,2023-03-18 12:54:35
"5",24,114331.570323281,489614.76182609,24,2023-03-18 12:54:35
"6",22,103386.508913344,483070.872746652,24,2023-03-18 12:54:35
"7",138,106723.780142739,470970.315159153,24,2023-03-18 12:54:35
"8",137,98973.1016702797,474292.628653256,24,2023-03-18 12:54:35
"9",105,104096.287650534,475468.843763361,24,2023-03-18 12:54:35
"10",131,98621.1889114462,478719.085707258,24,2023-03-18 12:54:35
"11",115,122994.693908324,483239.558821137,24,2023-03-18 12:54:35
"12",94,115908.675685872,495423.958912828,24,2023-03-18 12:54:35
"13",53,124496.136746126,479383.948802843,24,2023-03-18 12:54:35
"14",41,115267.825114059,473293.277556387,24,2023-03-18 12:54:35
"15",79,140924.564531118,471235.044357143,24,2023-03-18 12:54:35
"16",36,100729.197521796,497590.289791917,24,2023-03-18 12:54:35
"17",60,118032.750912347,483976.384098124,24,2023-03-18 12:54:35
"18",92,131488.575613288,503157.484595635,24,2023-03-18 12:54:35
"19",3,123653.996443645,468803.617966733,24,2023-03-18 12:54:35
"20",74,107022.760029466,478445.557881748,24,2023-03-18 12:54:35
"21",26,118529.501986064,490047.629615301,24,2023-03-18 12:54:35
"22",15,112619.562221193,485880.83865197,24,2023-03-18 12:54:35
"23",113,121917.643920612,489521.679187962,24,2023-03-18 12:54:35
"24",11,139818.167817621,484098.879238434,24,2023-03-18 12:54:35
"1",15,112619.564931369,485881.315826803,25,2023-03-18 12:58:16
"2",88,112618.654561915,500072.776279008,25,2023-03-18 12:58:16
"3",94,115908.611265583,495423.435888232,25,2023-03-18 12:58:16
"4",36,100729.177126544,497590.495584356,25,2023-03-18 12:58:16
"5",72,136252.264339267,468993.428586599,25,2023-03-18 12:58:16
"6",12,117432.606411032,471666.129489386,25,2023-03-18 12:58:16
"7",109,126475.197631236,482668.225525743,25,2023-03-18 12:58:16
"8",115,122994.664282906,483236.694809333,25,2023-03-18 12:58:16
"9",22,103386.474457117,483074.007363536,25,2023-03-18 12:58:16
"10",26,118529.564556904,490043.971662669,25,2023-03-18 12:58:16
"11",74,107022.763049699,478440.651227341,25,2023-03-18 12:58:16
"12",128,140570.911563934,486285.7984552,25,2023-03-18 12:58:16
"13",79,140924.636515956,471231.94266171,25,2023-03-18 12:58:16
"14",110,116454.120511571,477802.187202027,25,2023-03-18 12:58:16
"15",76,125477.368908176,496829.469694875,25,2023-03-18 12:58:16
"16",131,98621.0809876293,478714.490869988,25,2023-03-18 12:58:16
"17",92,131488.549857663,503158.66265754,25,2023-03-18 12:58:16
"18",53,124496.157098884,479378.12261421,25,2023-03-18 12:58:16
"19",113,121917.647874014,489521.67851749,25,2023-03-18 12:58:16
"20",137,98973.1243853332,474293.592141058,25,2023-03-18 12:58:16
"21",60,118032.794897983,483976.344431188,25,2023-03-18 12:58:16
"22",138,106723.739663401,470973.487182506,25,2023-03-18 12:58:16
"23",24,114331.554523596,489611.629559345,25,2023-03-18 12:58:16
"24",105,104096.254910376,475471.354378453,25,2023-03-18 12:58:16
"25",11,139818.215901463,484098.636324344,25,2023-03-18 12:58:16
"1",28,120117.572157003,490054.1768601,28,2023-03-18 13:36:31
"2",122,118004.764583156,506948.513181749,28,2023-03-18 13:36:31
"3",110,116454.166220157,477803.397825861,28,2023-03-18 13:36:31
"4",115,122994.765570482,483240.144090519,28,2023-03-18 13:36:31
"5",15,112619.550526417,485886.259989898,28,2023-03-18 13:36:31
"6",60,118032.687885843,483973.174700109,28,2023-03-18 13:36:31
"7",92,131488.507074238,503156.556927536,28,2023-03-18 13:36:31
"8",22,103386.480027762,483072.637456348,28,2023-03-18 13:36:31
"9",79,140924.54954149,471233.778331555,28,2023-03-18 13:36:31
"10",138,106723.710679578,470971.642112812,28,2023-03-18 13:36:31
"11",36,100729.201793513,497589.337929498,28,2023-03-18 13:36:31
"12",76,125477.435214027,496824.898687909,28,2023-03-18 13:36:31
"13",24,114331.594771256,489611.531550729,28,2023-03-18 13:36:31
"14",131,98621.1681173117,478717.328188071,28,2023-03-18 13:36:31
"15",53,124496.200108019,479381.394298889,28,2023-03-18 13:36:31
"16",137,98973.1112155989,474292.90828882,28,2023-03-18 13:36:31
"17",128,140570.918353575,486290.846862771,28,2023-03-18 13:36:31
"18",74,107022.813871219,478439.848262702,28,2023-03-18 13:36:31
"19",26,118529.537042498,490043.707976462,28,2023-03-18 13:36:31
"20",72,136252.289124939,468992.419398716,28,2023-03-18 13:36:31
"21",11,139818.138642016,484096.752865556,28,2023-03-18 13:36:31
"22",88,112618.714674136,500076.054702775,28,2023-03-18 13:36:31
"23",105,104096.228770506,475466.258483357,28,2023-03-18 13:36:31
"24",94,115908.602621972,495421.369499718,28,2023-03-18 13:36:31
"25",12,117432.620728688,471668.331896752,28,2023-03-18 13:36:31
"26",112,122181.658342152,490110.038560665,28,2023-03-18 13:36:31
"27",109,126475.174985857,482671.725844612,28,2023-03-18 13:36:31
"28",55,123536.562165807,488605.131189747,28,2023-03-18 13:36:31
"1",26,118529.497957479,490047.095824452,29,2023-03-18 13:49:02
"2",129,98460.953152237,478078.935942828,29,2023-03-18 13:49:02
"3",79,140924.581446591,471231.487928081,29,2023-03-18 13:49:02
"4",73,114270.732797551,474346.465382908,29,2023-03-18 13:49:02
"5",74,107022.785907317,478440.26130632,29,2023-03-18 13:49:02
"6",138,106723.73608596,470971.724311081,29,2023-03-18 13:49:02
"7",28,120117.637639297,490055.080423634,29,2023-03-18 13:49:02
"8",24,114331.596554338,489612.91337402,29,2023-03-18 13:49:02
"9",11,139818.175480191,484098.638695851,29,2023-03-18 13:49:02
"10",53,124496.20035443,479381.335658921,29,2023-03-18 13:49:02
"11",22,103386.461631374,483071.105869772,29,2023-03-18 13:49:02
"12",94,115908.685826849,495420.16410056,29,2023-03-18 13:49:02
"13",128,140570.869930686,486286.461085137,29,2023-03-18 13:49:02
"14",72,136252.31818168,468992.965304665,29,2023-03-18 13:49:02
"15",36,100729.175198192,497592.949554994,29,2023-03-18 13:49:02
"16",59,117548.856046812,477552.158756014,29,2023-03-18 13:49:02
"17",76,125477.373936556,496826.668741342,29,2023-03-18 13:49:02
"18",92,131488.497169067,503159.215541069,29,2023-03-18 13:49:02
"19",12,117432.651086272,471665.234652873,29,2023-03-18 13:49:02
"20",137,98973.0956731284,474294.039367074,29,2023-03-18 13:49:02
"21",115,122994.775369218,483234.913973339,29,2023-03-18 13:49:02
"22",88,112618.670884951,500073.568070317,29,2023-03-18 13:49:02
"23",112,122181.708395365,490111.117996362,29,2023-03-18 13:49:02
"24",15,112619.543657281,485880.533845382,29,2023-03-18 13:49:02
"25",105,104096.261914018,475466.09363058,29,2023-03-18 13:49:02
"26",60,118032.686284575,483972.354332574,29,2023-03-18 13:49:02
"27",109,126475.150050565,482671.237717144,29,2023-03-18 13:49:02
"28",55,123536.645505249,488609.513973019,29,2023-03-18 13:49:02
"29",122,118004.680677021,506950.821334978,29,2023-03-18 13:49:02
"1",112,122181.667426404,490108.655295468,31,2023-03-18 14:16:13
"2",94,115908.6119342,495421.521477829,31,2023-03-18 14:16:13
"3",74,107022.772195563,478442.747349756,31,2023-03-18 14:16:13
"4",115,122994.716008142,483235.070666353,31,2023-03-18 14:16:13
"5",88,112618.707839393,500075.186107158,31,2023-03-18 14:16:13
"6",123,118314.533399373,507055.300574875,31,2023-03-18 14:16:13
"7",138,106723.777768765,470972.942109168,31,2023-03-18 14:16:13
"8",17,102700.283811509,474177.433531126,31,2023-03-18 14:16:13
"9",73,114270.728814163,474341.013213114,31,2023-03-18 14:16:13
"10",79,140924.553605235,471234.465676172,31,2023-03-18 14:16:13
"11",128,140570.954127753,486287.615101108,31,2023-03-18 14:16:13
"12",11,139818.151768007,484096.447028159,31,2023-03-18 14:16:13
"13",80,99321.2585514909,474283.897226114,31,2023-03-18 14:16:13
"14",22,103386.455206442,483073.145616976,31,2023-03-18 14:16:13
"15",92,131488.497949443,503159.892924871,31,2023-03-18 14:16:13
"16",15,112619.545211178,485882.778717316,31,2023-03-18 14:16:13
"17",72,136252.315110625,468993.511533408,31,2023-03-18 14:16:13
"18",60,118032.781916068,483978.228852933,31,2023-03-18 14:16:13
"19",129,98460.9464890336,478078.529844291,31,2023-03-18 14:16:13
"20",55,123536.620005849,488606.858286184,31,2023-03-18 14:16:13
"21",24,114331.626282007,489614.454522967,31,2023-03-18 14:16:13
"22",53,124496.109054694,479383.666829206,31,2023-03-18 14:16:13
"23",26,118529.594057926,490044.353136769,31,2023-03-18 14:16:13
"24",59,117548.85900255,477552.30980578,31,2023-03-18 14:16:13
"25",28,120117.53165752,490049.626120619,31,2023-03-18 14:16:13
"26",36,100729.21600109,497589.673821253,31,2023-03-18 14:16:13
"27",91,129423.661011934,483621.165156742,31,2023-03-18 14:16:13
"28",109,126475.17205803,482665.974327998,31,2023-03-18 14:16:13
"29",105,104096.238554492,475469.39569932,31,2023-03-18 14:16:13
"30",76,125477.354769636,496830.750014876,31,2023-03-18 14:16:13
"31",12,117432.69218888,471667.293578233,31,2023-03-18 14:16:13
"1",112,122181.658530036,490105.249631266,32,2023-03-18 14:48:54
"2",115,122994.661526874,483234.299148071,32,2023-03-18 14:48:54
"3",28,120117.547941175,490052.140304472,32,2023-03-18 14:48:54
"4",109,126475.188126845,482665.676067378,32,2023-03-18 14:48:54
"5",36,100729.18813478,497589.310542838,32,2023-03-18 14:48:54
"6",59,117548.874211707,477555.090457514,32,2023-03-18 14:48:54
"7",60,118032.730530255,483977.162813677,32,2023-03-18 14:48:54
"8",80,99321.3270575959,474283.606604761,32,2023-03-18 14:48:54
"9",54,108909.182096627,479003.609477362,32,2023-03-18 14:48:54
"10",92,131488.564916251,503155.936795179,32,2023-03-18 14:48:54
"11",105,104096.201561026,475471.631694039,32,2023-03-18 14:48:54
"12",138,106723.694808522,470975.525182833,32,2023-03-18 14:48:54
"13",74,107022.777113548,478444.175066095,32,2023-03-18 14:48:54
"14",24,114331.566562306,489614.381037901,32,2023-03-18 14:48:54
"15",129,98460.9186431462,478074.500299957,32,2023-03-18 14:48:54
"16",128,140570.936060099,486288.611169251,32,2023-03-18 14:48:54
"17",79,140924.610369966,471235.659100555,32,2023-03-18 14:48:54
"18",55,123536.549659487,488607.017670229,32,2023-03-18 14:48:54
"19",11,139818.213837315,484093.132996024,32,2023-03-18 14:48:54
"20",53,124496.14121606,479377.842503541,32,2023-03-18 14:48:54
"21",15,112619.607967281,485885.356651271,32,2023-03-18 14:48:54
"22",88,112618.650169748,500070.27237611,32,2023-03-18 14:48:54
"23",35,115906.533551298,472908.91212639,32,2023-03-18 14:48:54
"24",17,102700.329538634,474174.842904845,32,2023-03-18 14:48:54
"25",22,103386.442346307,483067.862283491,32,2023-03-18 14:48:54
"26",3,123653.998153904,468806.742877397,32,2023-03-18 14:48:54
"27",123,118314.558314346,507053.729782249,32,2023-03-18 14:48:54
"28",26,118529.506002821,490047.130255166,32,2023-03-18 14:48:54
"29",33,140344.179716708,475624.57545947,32,2023-03-18 14:48:54
"30",72,136252.31040625,468994.821107596,32,2023-03-18 14:48:54
"31",76,125477.397929895,496827.593194098,32,2023-03-18 14:48:54
"32",94,115908.613175382,495422.162227175,32,2023-03-18 14:48:54
"1",53,124496.105556773,479379.916550577,33,2023-03-18 14:53:51
"2",109,126475.106348298,482668.44036322,33,2023-03-18 14:53:51
"3",76,125477.406891618,496826.563629785,33,2023-03-18 14:53:51
"4",33,140344.133750378,475620.028680348,33,2023-03-18 14:53:51
"5",60,118032.708803818,483977.37253707,33,2023-03-18 14:53:51
"6",15,112619.626043503,485883.648474418,33,2023-03-18 14:53:51
"7",3,123654.057288022,468804.812312684,33,2023-03-18 14:53:51
"8",105,104096.182445579,475466.884042143,33,2023-03-18 14:53:51
"9",26,118529.508815225,490046.331771155,33,2023-03-18 14:53:51
"10",80,99321.2929938875,474284.8827093,33,2023-03-18 14:53:51
"11",17,102700.305241456,474175.085196045,33,2023-03-18 14:53:51
"12",88,112618.637602316,500076.358092942,33,2023-03-18 14:53:51
"13",92,131488.564264911,503161.272164448,33,2023-03-18 14:53:51
"14",94,115908.691148978,495422.869177513,33,2023-03-18 14:53:51
"15",116,119918.156978268,491751.24769515,33,2023-03-18 14:53:51
"16",138,106723.700320636,470970.368254954,33,2023-03-18 14:53:51
"17",59,117548.852401809,477553.586126448,33,2023-03-18 14:53:51
"18",54,108909.154667763,479007.797631418,33,2023-03-18 14:53:51
"19",22,103386.535283971,483068.38879097,33,2023-03-18 14:53:51
"20",55,123536.624771811,488606.126510128,33,2023-03-18 14:53:51
"21",128,140570.934850884,486288.283962854,33,2023-03-18 14:53:51
"22",38,114646.413214057,484053.682976536,33,2023-03-18 14:53:51
"23",122,118004.763623106,506950.228140529,33,2023-03-18 14:53:51
"24",24,114331.569530562,489614.582951897,33,2023-03-18 14:53:51
"25",115,122994.761490775,483238.653741325,33,2023-03-18 14:53:51
"26",28,120117.638724891,490053.890003274,33,2023-03-18 14:53:51
"27",79,140924.591477801,471234.264368987,33,2023-03-18 14:53:51
"28",118,121544.79532753,490721.344624775,33,2023-03-18 14:53:51
"29",11,139818.136364919,484097.735296078,33,2023-03-18 14:53:51
"30",72,136252.313409935,468990.706483755,33,2023-03-18 14:53:51
"31",35,115906.605270957,472908.246234673,33,2023-03-18 14:53:51
"32",129,98460.9565064287,478073.966632247,33,2023-03-18 14:53:51
"33",36,100729.224061322,497594.292873796,33,2023-03-18 14:53:51
"1",28,120117.642406994,490053.096453121,34,2023-03-18 15:01:03
"2",36,100729.176976908,497591.235508817,34,2023-03-18 15:01:03
"3",80,99321.3429811529,474281.608121868,34,2023-03-18 15:01:03
"4",15,112619.573223154,485881.759680122,34,2023-03-18 15:01:03
"5",91,129423.598074882,483625.639733947,34,2023-03-18 15:01:03
"6",17,102700.397817965,474172.184810886,34,2023-03-18 15:01:03
"7",33,140344.124176753,475623.699792588,34,2023-03-18 15:01:03
"8",73,114270.661630793,474341.627821385,34,2023-03-18 15:01:03
"9",132,102716.184608454,468811.276598788,34,2023-03-18 15:01:03
"10",79,140924.591796564,471233.649673486,34,2023-03-18 15:01:03
"11",59,117548.930479227,477554.599430747,34,2023-03-18 15:01:03
"12",11,139818.132048018,484094.918821847,34,2023-03-18 15:01:03
"13",26,118529.582778224,490043.366220777,34,2023-03-18 15:01:03
"14",109,126475.20998277,482667.656184559,34,2023-03-18 15:01:03
"15",138,106723.702091301,470972.171411619,34,2023-03-18 15:01:03
"16",77,107728.725813684,480879.513328583,34,2023-03-18 15:01:03
"17",115,122994.72327232,483236.9680471,34,2023-03-18 15:01:03
"18",74,107022.846054511,478443.722656839,34,2023-03-18 15:01:03
"19",94,115908.654235021,495424.629359497,34,2023-03-18 15:01:03
"20",24,114331.568738549,489614.459415223,34,2023-03-18 15:01:03
"21",76,125477.36749014,496826.539015275,34,2023-03-18 15:01:03
"22",53,124496.13343662,479381.639601838,34,2023-03-18 15:01:03
"23",112,122181.675369354,490110.173961699,34,2023-03-18 15:01:03
"24",128,140570.95305239,486287.565943943,34,2023-03-18 15:01:03
"25",105,104096.291546853,475468.237887353,34,2023-03-18 15:01:03
"26",72,136252.230112746,468996.269758296,34,2023-03-18 15:01:03
"27",92,131488.526728754,503160.936978357,34,2023-03-18 15:01:03
"28",122,118004.766017759,506945.569694145,34,2023-03-18 15:01:03
"29",12,117432.664893119,471669.028157216,34,2023-03-18 15:01:03
"30",129,98460.9924703332,478078.838183647,34,2023-03-18 15:01:03
"31",22,103386.458949774,483071.653481705,34,2023-03-18 15:01:03
"32",60,118032.694795156,483975.568393777,34,2023-03-18 15:01:03
"33",88,112618.635410829,500075.866861373,34,2023-03-18 15:01:03
"34",55,123536.56817167,488605.364847189,34,2023-03-18 15:01:03
"1",115,122994.7093221,483236.841384803,35,2023-03-18 15:15:34
"2",38,114646.390795479,484053.567531594,35,2023-03-18 15:15:34
"3",116,119918.068922227,491750.177642232,35,2023-03-18 15:15:34
"4",109,126475.14015354,482669.897622917,35,2023-03-18 15:15:34
"5",11,139818.170005203,484097.375834976,35,2023-03-18 15:15:34
"6",60,118032.684832304,483975.793608438,35,2023-03-18 15:15:34
"7",79,140924.626128564,471232.528736045,35,2023-03-18 15:15:34
"8",88,112618.616280801,500072.313798015,35,2023-03-18 15:15:34
"9",26,118529.50384878,490044.609112039,35,2023-03-18 15:15:34
"10",53,124496.190152678,479381.517128851,35,2023-03-18 15:15:34
"11",105,104096.240470534,475466.218854262,35,2023-03-18 15:15:34
"12",28,120117.533855521,490052.262605493,35,2023-03-18 15:15:34
"13",72,136252.298611961,468991.243453472,35,2023-03-18 15:15:34
"14",76,125477.421170348,496827.702445754,35,2023-03-18 15:15:34
"15",33,140344.084865754,475623.655813324,35,2023-03-18 15:15:34
"16",74,107022.756787867,478445.188113846,35,2023-03-18 15:15:34
"17",24,114331.558089636,489609.459854886,35,2023-03-18 15:15:34
"18",94,115908.602007692,495423.607505406,35,2023-03-18 15:15:34
"19",131,98621.1353013617,478715.976125389,35,2023-03-18 15:15:34
"20",54,108909.125064236,479006.92327,35,2023-03-18 15:15:34
"21",118,121544.815849003,490716.801319366,35,2023-03-18 15:15:34
"22",92,131488.553483807,503159.613411805,35,2023-03-18 15:15:34
"23",55,123536.579437632,488608.535052488,35,2023-03-18 15:15:34
"24",138,106723.761442206,470975.047210002,35,2023-03-18 15:15:34
"25",17,102700.360172384,474176.381896725,35,2023-03-18 15:15:34
"26",80,99321.2701058513,474281.323288816,35,2023-03-18 15:15:34
"27",35,115906.595925334,472903.031062403,35,2023-03-18 15:15:34
"28",128,140570.945683389,486285.612248808,35,2023-03-18 15:15:34
"29",22,103386.453585167,483068.744640934,35,2023-03-18 15:15:34
"30",3,123654.050009071,468806.670891355,35,2023-03-18 15:15:34
"31",15,112619.598015309,485884.684007552,35,2023-03-18 15:15:34
"32",36,100729.259511933,497592.371309887,35,2023-03-18 15:15:34
"33",132,102716.176165478,468813.562094368,35,2023-03-18 15:15:34
"34",122,118004.742779484,506947.63688404,35,2023-03-18 15:15:34
"35",59,117548.880428551,477557.105674541,35,2023-03-18 15:15:34
"1",105,104096.250337422,475468.843622478,36,2023-03-18 15:33:11
"2",138,106723.791853477,470972.602634772,36,2023-03-18 15:33:11
"3",11,139818.126147385,484095.504280004,36,2023-03-18 15:33:11
"4",12,117432.618890006,471664.025229314,36,2023-03-18 15:33:11
"5",109,126475.175061189,482669.554998125,36,2023-03-18 15:33:11
"6",36,100729.16363097,497592.172413371,36,2023-03-18 15:33:11
"7",115,122994.772106866,483238.758877693,36,2023-03-18 15:33:11
"8",38,114646.452618023,484053.607292505,36,2023-03-18 15:33:11
"9",60,118032.753538401,483973.333364587,36,2023-03-18 15:33:11
"10",80,99321.2608807762,474279.274508343,36,2023-03-18 15:33:11
"11",122,118004.648782503,506948.742891835,36,2023-03-18 15:33:11
"12",26,118529.560004785,490043.353000322,36,2023-03-18 15:33:11
"13",22,103386.488638058,483072.663628414,36,2023-03-18 15:33:11
"14",28,120117.60018004,490054.224622544,36,2023-03-18 15:33:11
"15",128,140570.924845892,486290.71822501,36,2023-03-18 15:33:11
"16",94,115908.624290433,495425.49321682,36,2023-03-18 15:33:11
"17",17,102700.389814368,474175.126080995,36,2023-03-18 15:33:11
"18",59,117548.895377116,477555.121441515,36,2023-03-18 15:33:11
"19",74,107022.784589277,478442.966216064,36,2023-03-18 15:33:11
"20",73,114270.64520289,474340.306527772,36,2023-03-18 15:33:11
"21",77,107728.678315867,480880.76483655,36,2023-03-18 15:33:11
"22",131,98621.091182609,478719.448656269,36,2023-03-18 15:33:11
"23",33,140344.092906726,475623.679076827,36,2023-03-18 15:33:11
"24",72,136252.22015033,468996.944372627,36,2023-03-18 15:33:11
"25",92,131488.538057467,503158.384984088,36,2023-03-18 15:33:11
"26",24,114331.551255311,489615.110490105,36,2023-03-18 15:33:11
"27",88,112618.678001666,500074.483470574,36,2023-03-18 15:33:11
"28",76,125477.396050636,496825.437203508,36,2023-03-18 15:33:11
"29",55,123536.565151592,488608.839788521,36,2023-03-18 15:33:11
"30",3,123654.040172724,468806.230552035,36,2023-03-18 15:33:11
"31",53,124496.165857685,479383.0769005,36,2023-03-18 15:33:11
"32",118,121544.758964619,490722.714365869,36,2023-03-18 15:33:11
"33",91,129423.645056029,483622.178146927,36,2023-03-18 15:33:11
"34",116,119918.076441665,491751.42008986,36,2023-03-18 15:33:11
"35",79,140924.553145793,471237.321187313,36,2023-03-18 15:33:11
"36",15,112619.549362293,485880.261909919,36,2023-03-18 15:33:11
"1",74,107022.744188007,478440.518498731,37,2023-03-18 15:47:59
"2",33,140344.109411511,475619.417467406,37,2023-03-18 15:47:59
"3",80,99321.3282137164,474285.006306629,37,2023-03-18 15:47:59
"4",26,118529.552795031,490044.863153854,37,2023-03-18 15:47:59
"5",38,114646.456956641,484053.990505136,37,2023-03-18 15:47:59
"6",72,136252.318779655,468990.589724634,37,2023-03-18 15:47:59
"7",122,118004.680020888,506947.349842423,37,2023-03-18 15:47:59
"8",92,131488.481294319,503158.090789629,37,2023-03-18 15:47:59
"9",35,115906.528499448,472908.637805115,37,2023-03-18 15:47:59
"10",115,122994.677886476,483238.781867522,37,2023-03-18 15:47:59
"11",91,129423.671566408,483620.41743944,37,2023-03-18 15:47:59
"12",88,112618.695797228,500071.056767336,37,2023-03-18 15:47:59
"13",54,108909.187025475,479007.869574047,37,2023-03-18 15:47:59
"14",53,124496.151340886,479382.701076018,37,2023-03-18 15:47:59
"15",28,120117.589512213,490053.050465526,37,2023-03-18 15:47:59
"16",24,114331.614572564,489614.781552516,37,2023-03-18 15:47:59
"17",36,100729.175058342,497592.472305025,37,2023-03-18 15:47:59
"18",105,104096.198410967,475467.372768285,37,2023-03-18 15:47:59
"19",22,103386.49141458,483072.505789186,37,2023-03-18 15:47:59
"20",116,119918.132505892,491749.552414811,37,2023-03-18 15:47:59
"21",128,140570.840636276,486285.07651116,37,2023-03-18 15:47:59
"22",15,112619.640634861,485883.267803958,37,2023-03-18 15:47:59
"23",109,126475.221120642,482670.137916611,37,2023-03-18 15:47:59
"24",59,117548.879925424,477551.075137724,37,2023-03-18 15:47:59
"25",3,123654.060447782,468804.250839229,37,2023-03-18 15:47:59
"26",12,117432.603474381,471664.133194882,37,2023-03-18 15:47:59
"27",94,115908.625521565,495422.331171002,37,2023-03-18 15:47:59
"28",17,102700.345969076,474173.514872417,37,2023-03-18 15:47:59
"29",76,125477.42314685,496830.024428952,37,2023-03-18 15:47:59
"30",11,139818.179792622,484093.457393698,37,2023-03-18 15:47:59
"31",131,98621.1565140943,478718.783434997,37,2023-03-18 15:47:59
"32",79,140924.580857526,471233.59354421,37,2023-03-18 15:47:59
"33",132,102716.146959282,468810.102672988,37,2023-03-18 15:47:59
"34",60,118032.698975992,483973.39027204,37,2023-03-18 15:47:59
"35",118,121544.710671169,490722.295411009,37,2023-03-18 15:47:59
"36",55,123536.628722105,488606.747268039,37,2023-03-18 15:47:59
"37",138,106723.752677993,470974.134540046,37,2023-03-18 15:47:59
"1",76,125477.411756676,496828.284634018,38,2023-03-18 16:03:57
"2",60,118032.725801799,483978.27723848,38,2023-03-18 16:03:57
"3",92,131488.470325969,503160.493617775,38,2023-03-18 16:03:57
"4",80,99321.2796514702,474281.368034693,38,2023-03-18 16:03:57
"5",17,102700.286610236,474173.023362132,38,2023-03-18 16:03:57
"6",15,112619.538733271,485881.959805968,38,2023-03-18 16:03:57
"7",128,140570.945003823,486287.766516556,38,2023-03-18 16:03:57
"8",77,107728.657729639,480881.487808917,38,2023-03-18 16:03:57
"9",36,100729.230064031,497588.924512909,38,2023-03-18 16:03:57
"10",116,119918.14612436,491752.740957318,38,2023-03-18 16:03:57
"11",138,106723.699972504,470970.373693117,38,2023-03-18 16:03:57
"12",53,124496.147463101,479381.419210658,38,2023-03-18 16:03:57
"13",79,140924.557575406,471234.768127541,38,2023-03-18 16:03:57
"14",12,117432.635659053,471666.812599012,38,2023-03-18 16:03:57
"15",31,109622.868232355,478461.889083171,38,2023-03-18 16:03:57
"16",94,115908.61954336,495419.770763822,38,2023-03-18 16:03:57
"17",118,121544.713412006,490722.399292654,38,2023-03-18 16:03:57
"18",131,98621.0810118284,478715.099173598,38,2023-03-18 16:03:57
"19",24,114331.591053293,489611.601439295,38,2023-03-18 16:03:57
"20",72,136252.287448291,468995.736916431,38,2023-03-18 16:03:57
"21",59,117548.820877062,477552.949773558,38,2023-03-18 16:03:57
"22",26,118529.490171376,490047.27296861,38,2023-03-18 16:03:57
"23",109,126475.180967471,482665.823839948,38,2023-03-18 16:03:57
"24",28,120117.576752026,490053.389172188,38,2023-03-18 16:03:57
"25",22,103386.45411933,483073.041180169,38,2023-03-18 16:03:57
"26",33,140344.176314479,475618.275815718,38,2023-03-18 16:03:57
"27",105,104096.18636932,475470.872094721,38,2023-03-18 16:03:57
"28",38,114646.427133406,484053.856167525,38,2023-03-18 16:03:57
"29",115,122994.683140653,483238.49640737,38,2023-03-18 16:03:57
"30",123,118314.558908023,507053.237257846,38,2023-03-18 16:03:57
"31",11,139818.226717666,484098.220003525,38,2023-03-18 16:03:57
"32",88,112618.658335947,500074.003300588,38,2023-03-18 16:03:57
"33",132,102716.138515118,468812.669358683,38,2023-03-18 16:03:57
"34",91,129423.673773314,483621.617815737,38,2023-03-18 16:03:57
"35",41,115267.870564456,473293.732457642,38,2023-03-18 16:03:57
"36",55,123536.648843661,488607.657607558,38,2023-03-18 16:03:57
"37",74,107022.839892027,478440.883273583,38,2023-03-18 16:03:57
"38",3,123654.013653319,468804.766185176,38,2023-03-18 16:03:57
"1",74,107022.76928473,478440.263427022,26,2023-03-18 16:12:01
"2",113,121917.633560054,489518.135447677,26,2023-03-18 16:12:01
"3",138,106723.75113246,470973.912949018,26,2023-03-18 16:12:01
"4",109,126475.166556114,482668.062063373,26,2023-03-18 16:12:01
"5",3,123654.029029876,468809.089788035,26,2023-03-18 16:12:01
"6",36,100729.160680524,497591.279209285,26,2023-03-18 16:12:01
"7",24,114331.534230033,489610.413921694,26,2023-03-18 16:12:01
"8",129,98460.9993679235,478075.413316523,26,2023-03-18 16:12:01
"9",41,115267.809172374,473290.325055442,26,2023-03-18 16:12:01
"10",88,112618.679500223,500075.297682206,26,2023-03-18 16:12:01
"11",15,112619.611573656,485881.901756512,26,2023-03-18 16:12:01
"12",22,103386.467982738,483072.970705672,26,2023-03-18 16:12:01
"13",60,118032.723649892,483975.31240838,26,2023-03-18 16:12:01
"14",137,98973.0964748265,474294.912389899,26,2023-03-18 16:12:01
"15",122,118004.72139733,506951.341393116,26,2023-03-18 16:12:01
"16",26,118529.530368253,490048.166656024,26,2023-03-18 16:12:01
"17",115,122994.764625194,483234.363162024,26,2023-03-18 16:12:01
"18",92,131488.465918802,503158.814223417,26,2023-03-18 16:12:01
"19",59,117548.844816972,477555.786889019,26,2023-03-18 16:12:01
"20",79,140924.566740384,471235.458677933,26,2023-03-18 16:12:01
"21",53,124496.199842108,479382.113072323,26,2023-03-18 16:12:01
"22",105,104096.179363331,475469.798679232,26,2023-03-18 16:12:01
"23",128,140570.926493636,486290.614516127,26,2023-03-18 16:12:01
"24",11,139818.228919949,484095.631835055,26,2023-03-18 16:12:01
"25",94,115908.629259562,495424.392541577,26,2023-03-18 16:12:01
"26",76,125477.393619226,496826.479712351,26,2023-03-18 16:12:01
"1",11,139818.129558577,484097.929832859,39,2023-03-18 16:29:59
"2",118,121544.794668126,490719.713965613,39,2023-03-18 16:29:59
"3",72,136252.258043434,468995.54925518,39,2023-03-18 16:29:59
"4",59,117548.86942975,477551.820140255,39,2023-03-18 16:29:59
"5",91,129423.615186985,483620.422255342,39,2023-03-18 16:29:59
"6",138,106723.745250997,470973.532154318,39,2023-03-18 16:29:59
"7",26,118529.559459381,490043.613336308,39,2023-03-18 16:29:59
"8",115,122994.667769846,483235.81304532,39,2023-03-18 16:29:59
"9",88,112618.715958482,500071.46139938,39,2023-03-18 16:29:59
"10",22,103386.439807764,483069.023616763,39,2023-03-18 16:29:59
"11",94,115908.646796479,495424.50149957,39,2023-03-18 16:29:59
"12",77,107728.685920437,480882.328893868,39,2023-03-18 16:29:59
"13",109,126475.156423715,482670.747254953,39,2023-03-18 16:29:59
"14",92,131488.493877574,503158.291716081,39,2023-03-18 16:29:59
"15",17,102700.340279966,474175.179226665,39,2023-03-18 16:29:59
"16",41,115267.81633955,473294.538054622,39,2023-03-18 16:29:59
"17",53,124496.215373224,479382.776055859,39,2023-03-18 16:29:59
"18",36,100729.224171386,497593.876864859,39,2023-03-18 16:29:59
"19",28,120117.595268171,490049.973230029,39,2023-03-18 16:29:59
"20",122,118004.692447958,506946.175539667,39,2023-03-18 16:29:59
"21",132,102716.17971425,468811.471948945,39,2023-03-18 16:29:59
"22",15,112619.573227328,485885.703896663,39,2023-03-18 16:29:59
"23",60,118032.795101898,483973.650828407,39,2023-03-18 16:29:59
"24",128,140570.858548395,486290.620489328,39,2023-03-18 16:29:59
"25",3,123654.078044515,468806.657869847,39,2023-03-18 16:29:59
"26",79,140924.586946869,471233.504631084,39,2023-03-18 16:29:59
"27",80,99321.3228415442,474280.06365189,39,2023-03-18 16:29:59
"28",24,114331.545540477,489608.843500749,39,2023-03-18 16:29:59
"29",76,125477.405891896,496824.674761404,39,2023-03-18 16:29:59
"30",105,104096.293393341,475471.427683873,39,2023-03-18 16:29:59
"31",31,109622.828849547,478463.510420502,39,2023-03-18 16:29:59
"32",33,140344.182853196,475620.243032157,39,2023-03-18 16:29:59
"33",110,116454.141540212,477802.575877949,39,2023-03-18 16:29:59
"34",131,98621.0751019772,478718.957108493,39,2023-03-18 16:29:59
"35",38,114646.500010295,484057.812512854,39,2023-03-18 16:29:59
"36",116,119918.113623017,491750.369062592,39,2023-03-18 16:29:59
"37",12,117432.617422707,471667.552208791,39,2023-03-18 16:29:59
"38",55,123536.554180702,488606.364949238,39,2023-03-18 16:29:59
"39",74,107022.830462524,478446.140233457,39,2023-03-18 16:29:59
"1",123,118314.572277138,507058.165575216,40,2023-03-18 16:44:14
"2",126,142342.655563598,486078.38324267,40,2023-03-18 16:44:14
"3",76,125477.332026516,496825.573450542,40,2023-03-18 16:44:14
"4",12,117432.659052113,471665.423858392,40,2023-03-18 16:44:14
"5",11,139818.176307096,484093.880308249,40,2023-03-18 16:44:14
"6",17,102700.372945982,474174.925247014,40,2023-03-18 16:44:14
"7",92,131488.476150311,503157.724444563,40,2023-03-18 16:44:14
"8",129,98460.9128892512,478079.696896214,40,2023-03-18 16:44:14
"9",38,114646.429847887,484058.474492674,40,2023-03-18 16:44:14
"10",132,102716.079213217,468813.859281354,40,2023-03-18 16:44:14
"11",115,122994.731355265,483235.573663783,40,2023-03-18 16:44:14
"12",79,140924.618530052,471235.023603099,40,2023-03-18 16:44:14
"13",53,124496.202472618,479381.229227558,40,2023-03-18 16:44:14
"14",22,103386.498163109,483070.981348043,40,2023-03-18 16:44:14
"15",26,118529.554515266,490042.79642343,40,2023-03-18 16:44:14
"16",31,109622.805700665,478462.098343081,40,2023-03-18 16:44:14
"17",112,122181.718983737,490105.33071235,40,2023-03-18 16:44:14
"18",15,112619.605229754,485886.365269209,40,2023-03-18 16:44:14
"19",105,104096.281511252,475467.478856578,40,2023-03-18 16:44:14
"20",60,118032.715153721,483971.823521989,40,2023-03-18 16:44:14
"21",72,136252.215986782,468997.132438582,40,2023-03-18 16:44:14
"22",3,123654.109897321,468808.962895411,40,2023-03-18 16:44:14
"23",128,140570.916229744,486285.834256729,40,2023-03-18 16:44:14
"24",80,99321.3099561212,474281.139975674,40,2023-03-18 16:44:14
"25",28,120117.570523182,490050.738160818,40,2023-03-18 16:44:14
"26",77,107728.645861151,480877.960945805,40,2023-03-18 16:44:14
"27",94,115908.697946636,495420.147037865,40,2023-03-18 16:44:14
"28",74,107022.776423888,478446.079861351,40,2023-03-18 16:44:14
"29",33,140344.110091219,475620.017810244,40,2023-03-18 16:44:14
"30",138,106723.767216186,470975.307000946,40,2023-03-18 16:44:14
"31",116,119918.093070221,491749.90403818,40,2023-03-18 16:44:14
"32",55,123536.573890612,488608.510044207,40,2023-03-18 16:44:14
"33",24,114331.642019862,489609.459288059,40,2023-03-18 16:44:14
"34",36,100729.232651492,497591.106530315,40,2023-03-18 16:44:14
"35",109,126475.129400546,482668.307019409,40,2023-03-18 16:44:14
"36",91,129423.659137142,483625.631133052,40,2023-03-18 16:44:14
"37",59,117548.926776829,477555.498737212,40,2023-03-18 16:44:14
"38",88,112618.662771197,500075.114582757,40,2023-03-18 16:44:14
"39",44,120825.948509404,491360.547512684,40,2023-03-18 16:44:14
"40",41,115267.778693499,473290.758247572,40,2023-03-18 16:44:14
"1",41,115267.808047294,473290.507268239,41,2023-03-18 16:56:22
"2",128,140570.908634993,486285.423071983,41,2023-03-18 16:56:22
"3",115,122994.661027444,483235.846175809,41,2023-03-18 16:56:22
"4",53,124496.142598857,479381.448472902,41,2023-03-18 16:56:22
"5",131,98621.1443733299,478715.926027336,41,2023-03-18 16:56:22
"6",76,125477.356278587,496829.916576356,41,2023-03-18 16:56:22
"7",109,126475.199745529,482667.663009006,41,2023-03-18 16:56:22
"8",32,106438.452666065,484878.977525185,41,2023-03-18 16:56:22
"9",72,136252.216267149,468994.538336964,41,2023-03-18 16:56:22
"10",60,118032.766813196,483974.054663705,41,2023-03-18 16:56:22
"11",133,100298.675634516,478267.994775382,41,2023-03-18 16:56:22
"12",105,104096.206645191,475468.109662865,41,2023-03-18 16:56:22
"13",12,117432.620068417,471663.572541387,41,2023-03-18 16:56:22
"14",33,140344.12092769,475622.848439663,41,2023-03-18 16:56:22
"15",80,99321.2609750389,474282.386693096,41,2023-03-18 16:56:22
"16",15,112619.584376368,485882.046379277,41,2023-03-18 16:56:22
"17",38,114646.503930677,484056.229480048,41,2023-03-18 16:56:22
"18",78,134132.341585752,501710.323594266,41,2023-03-18 16:56:22
"19",92,131488.478081032,503159.408487234,41,2023-03-18 16:56:22
"20",79,140924.606705547,471236.917925313,41,2023-03-18 16:56:22
"21",36,100729.27489699,497589.182955279,41,2023-03-18 16:56:22
"22",88,112618.681586238,500071.446855201,41,2023-03-18 16:56:22
"23",132,102716.180795053,468811.614251771,41,2023-03-18 16:56:22
"24",55,123536.556309708,488604.807535552,41,2023-03-18 16:56:22
"25",123,118314.496619437,507057.28191197,41,2023-03-18 16:56:22
"26",94,115908.608795107,495421.382548633,41,2023-03-18 16:56:22
"27",118,121544.701908416,490719.436883307,41,2023-03-18 16:56:22
"28",24,114331.573809554,489609.044638113,41,2023-03-18 16:56:22
"29",11,139818.128495637,484093.318798539,41,2023-03-18 16:56:22
"30",31,109622.859592245,478464.574367243,41,2023-03-18 16:56:22
"31",22,103386.452238578,483072.536500664,41,2023-03-18 16:56:22
"32",3,123653.999345657,468806.529772412,41,2023-03-18 16:56:22
"33",138,106723.755752916,470971.971069025,41,2023-03-18 16:56:22
"34",91,129423.688395533,483624.552672775,41,2023-03-18 16:56:22
"35",74,107022.836927388,478441.457586236,41,2023-03-18 16:56:22
"36",77,107728.65282943,480879.302591326,41,2023-03-18 16:56:22
"37",116,119918.120899418,491754.090959132,41,2023-03-18 16:56:22
"38",26,118529.481702917,490047.589626145,41,2023-03-18 16:56:22
"39",134,98971.8677155272,476110.524042796,41,2023-03-18 16:56:22
"40",59,117548.865269119,477557.175174345,41,2023-03-18 16:56:22
"41",28,120117.639890084,490052.396918627,41,2023-03-18 16:56:22
"1",59,117548.908833887,477555.540620702,42,2023-03-18 17:18:12
"2",38,114646.398361648,484058.450213123,42,2023-03-18 17:18:12
"3",41,115267.886584756,473291.702942253,42,2023-03-18 17:18:12
"4",74,107022.809616672,478445.054567676,42,2023-03-18 17:18:12
"5",29,117792.096820135,490346.871153188,42,2023-03-18 17:18:12
"6",36,100729.277855892,497594.007353395,42,2023-03-18 17:18:12
"7",77,107728.65126597,480882.821821717,42,2023-03-18 17:18:12
"8",31,109622.776027223,478464.137725475,42,2023-03-18 17:18:12
"9",94,115908.652826278,495423.481827154,42,2023-03-18 17:18:12
"10",44,120825.919849156,491362.637987194,42,2023-03-18 17:18:12
"11",72,136252.205529888,468990.679291273,42,2023-03-18 17:18:12
"12",132,102716.190594117,468810.817937885,42,2023-03-18 17:18:12
"13",122,118004.737674713,506950.789250462,42,2023-03-18 17:18:12
"14",3,123654.031336365,468802.78720655,42,2023-03-18 17:18:12
"15",53,124496.152871944,479379.727185666,42,2023-03-18 17:18:12
"16",129,98461.0001106386,478076.702981436,42,2023-03-18 17:18:12
"17",115,122994.771258517,483237.117393037,42,2023-03-18 17:18:12
"18",80,99321.3240132625,474282.455870953,42,2023-03-18 17:18:12
"19",105,104096.253941419,475467.928131647,42,2023-03-18 17:18:12
"20",17,102700.319520415,474173.377475186,42,2023-03-18 17:18:12
"21",128,140570.943177899,486290.462043129,42,2023-03-18 17:18:12
"22",88,112618.710579963,500073.428998893,42,2023-03-18 17:18:12
"23",55,123536.650303514,488606.007793761,42,2023-03-18 17:18:12
"24",28,120117.532278037,490049.697420973,42,2023-03-18 17:18:12
"25",110,116454.166817273,477803.188730465,42,2023-03-18 17:18:12
"26",26,118529.58519611,490047.73136672,42,2023-03-18 17:18:12
"27",33,140344.188876505,475619.251727203,42,2023-03-18 17:18:12
"28",11,139818.218033771,484096.029153196,42,2023-03-18 17:18:12
"29",109,126475.126257752,482668.010011126,42,2023-03-18 17:18:12
"30",91,129423.633206677,483619.494053929,42,2023-03-18 17:18:12
"31",92,131488.542721965,503159.625183262,42,2023-03-18 17:18:12
"32",112,122181.660648144,490107.415225934,42,2023-03-18 17:18:12
"33",126,142342.692960444,486083.389581371,42,2023-03-18 17:18:12
"34",116,119918.104167637,491749.035919334,42,2023-03-18 17:18:12
"35",60,118032.731232049,483977.006142901,42,2023-03-18 17:18:12
"36",79,140924.658985112,471237.336856872,42,2023-03-18 17:18:12
"37",12,117432.641467488,471668.792731435,42,2023-03-18 17:18:12
"38",15,112619.610042453,485883.634692408,42,2023-03-18 17:18:12
"39",76,125477.431975052,496830.420182005,42,2023-03-18 17:18:12
"40",138,106723.754071571,470973.714560237,42,2023-03-18 17:18:12
"41",22,103386.474210378,483072.584309384,42,2023-03-18 17:18:12
"42",24,114331.566816779,489609.327269234,42,2023-03-18 17:18:12
"1",94,115908.706500051,495422.012881183,43,2023-03-18 17:38:07
"2",31,109622.818524947,478461.374087737,43,2023-03-18 17:38:07
"3",36,100729.194697261,497589.84935124,43,2023-03-18 17:38:07
"4",26,118529.483098693,490048.733878856,43,2023-03-18 17:38:07
"5",29,117792.138070807,490346.777029646,43,2023-03-18 17:38:07
"6",76,125477.418670156,496824.734919079,43,2023-03-18 17:38:07
"7",55,123536.63137637,488607.922661426,43,2023-03-18 17:38:07
"8",80,99321.3405504748,474285.144115006,43,2023-03-18 17:38:07
"9",109,126475.216475498,482669.166640075,43,2023-03-18 17:38:07
"10",28,120117.63527117,490049.593582024,43,2023-03-18 17:38:07
"11",59,117548.826230835,477552.513313246,43,2023-03-18 17:38:07
"12",44,120825.861434036,491364.78861378,43,2023-03-18 17:38:07
"13",22,103386.468582107,483068.313042914,43,2023-03-18 17:38:07
"14",92,131488.561951828,503155.950913122,43,2023-03-18 17:38:07
"15",15,112619.638871346,485880.187598127,43,2023-03-18 17:38:07
"16",129,98460.9186077201,478076.74219766,43,2023-03-18 17:38:07
"17",24,114331.599134484,489611.803001753,43,2023-03-18 17:38:07
"18",126,142342.635468448,486078.705059003,43,2023-03-18 17:38:07
"19",138,106723.793390453,470973.595098696,43,2023-03-18 17:38:07
"20",12,117432.590612502,471668.551639343,43,2023-03-18 17:38:07
"21",41,115267.800046743,473289.510814434,43,2023-03-18 17:38:07
"22",33,140344.171263542,475621.950113201,43,2023-03-18 17:38:07
"23",105,104096.238629816,475468.371796016,43,2023-03-18 17:38:07
"24",110,116454.11302731,477806.279085277,43,2023-03-18 17:38:07
"25",53,124496.122341356,479378.241076801,43,2023-03-18 17:38:07
"26",72,136252.295231188,468996.328293213,43,2023-03-18 17:38:07
"27",91,129423.662512116,483625.276169873,43,2023-03-18 17:38:07
"28",17,102700.393038874,474174.147163607,43,2023-03-18 17:38:07
"29",32,106438.435503097,484880.021242301,43,2023-03-18 17:38:07
"30",11,139818.23129102,484098.031462931,43,2023-03-18 17:38:07
"31",60,118032.759016898,483976.438196134,43,2023-03-18 17:38:07
"32",79,140924.638583073,471233.332835071,43,2023-03-18 17:38:07
"33",112,122181.742680955,490108.604200738,43,2023-03-18 17:38:07
"34",116,119918.066845536,491750.689633649,43,2023-03-18 17:38:07
"35",88,112618.673734629,500073.811585789,43,2023-03-18 17:38:07
"36",3,123654.1093872,468808.65654933,43,2023-03-18 17:38:07
"37",115,122994.779612275,483240.066997053,43,2023-03-18 17:38:07
"38",38,114646.468503062,484059.340152892,43,2023-03-18 17:38:07
"39",77,107728.698421444,480880.046553923,43,2023-03-18 17:38:07
"40",128,140570.8601097,486287.389365814,43,2023-03-18 17:38:07
"41",132,102716.101051121,468810.883070216,43,2023-03-18 17:38:07
"42",74,107022.776530456,478445.525650295,43,2023-03-18 17:38:07
"43",123,118314.577527024,507055.156381343,43,2023-03-18 17:38:07
"1",59,117548.887640931,477552.763478574,44,2023-03-18 17:49:20
"2",94,115908.631507572,495422.050882319,44,2023-03-18 17:49:20
"3",132,102716.16230756,468815.32815473,44,2023-03-18 17:49:20
"4",33,140344.124500308,475622.806658275,44,2023-03-18 17:49:20
"5",131,98621.1819521028,478716.900970923,44,2023-03-18 17:49:20
"6",15,112619.587651918,485885.64698502,44,2023-03-18 17:49:20
"7",109,126475.187863848,482670.480275837,44,2023-03-18 17:49:20
"8",105,104096.289703681,475466.57994083,44,2023-03-18 17:49:20
"9",93,141526.453111596,470239.098968756,44,2023-03-18 17:49:20
"10",26,118529.544311552,490042.510285111,44,2023-03-18 17:49:20
"11",17,102700.359147332,474177.746808753,44,2023-03-18 17:49:20
"12",56,138444.40756429,469481.317682726,44,2023-03-18 17:49:20
"13",126,142342.589165795,486082.857285956,44,2023-03-18 17:49:20
"14",32,106438.43038475,484880.194329673,44,2023-03-18 17:49:20
"15",60,118032.704522383,483973.576466869,44,2023-03-18 17:49:20
"16",88,112618.626142535,500075.677073686,44,2023-03-18 17:49:20
"17",122,118004.685791511,506949.000977922,44,2023-03-18 17:49:20
"18",28,120117.645704164,490049.042237339,44,2023-03-18 17:49:20
"19",74,107022.814928343,478445.215041582,44,2023-03-18 17:49:20
"20",77,107728.668345791,480879.851668268,44,2023-03-18 17:49:20
"21",138,106723.785193118,470970.124554952,44,2023-03-18 17:49:20
"22",92,131488.533791118,503156.218728257,44,2023-03-18 17:49:20
"23",91,129423.624225643,483624.498630514,44,2023-03-18 17:49:20
"24",118,121544.733554242,490721.01123401,44,2023-03-18 17:49:20
"25",29,117792.116154585,490350.004579224,44,2023-03-18 17:49:20
"26",38,114646.391486357,484058.55579919,44,2023-03-18 17:49:20
"27",31,109622.825005076,478464.655542976,44,2023-03-18 17:49:20
"28",128,140570.923329363,486287.848976755,44,2023-03-18 17:49:20
"29",87,125020.199803179,483278.914499543,44,2023-03-18 17:49:20
"30",55,123536.58238696,488608.261163836,44,2023-03-18 17:49:20
"31",24,114331.600757881,489615.01167862,44,2023-03-18 17:49:20
"32",41,115267.811499077,473294.137155484,44,2023-03-18 17:49:20
"33",110,116454.153818488,477806.042950716,44,2023-03-18 17:49:20
"34",36,100729.230285718,497588.930946168,44,2023-03-18 17:49:20
"35",53,124496.215204524,479382.330371238,44,2023-03-18 17:49:20
"36",80,99321.3634923278,474284.952959814,44,2023-03-18 17:49:20
"37",116,119918.126931525,491748.231391295,44,2023-03-18 17:49:20
"38",22,103386.482520062,483071.581756583,44,2023-03-18 17:49:20
"39",76,125477.370771722,496828.769296168,44,2023-03-18 17:49:20
"40",11,139818.236911169,484098.745652309,44,2023-03-18 17:49:20
"41",3,123654.003258844,468802.760098618,44,2023-03-18 17:49:20
"42",115,122994.739485867,483239.699619366,44,2023-03-18 17:49:20
"43",86,140161.358881712,472432.255333697,44,2023-03-18 17:49:20
"44",12,117432.642900832,471667.305360223,44,2023-03-18 17:49:20
"1",116,119918.114722237,491748.703245621,45,2023-03-18 18:06:32
"2",74,107022.743445006,478440.220178686,45,2023-03-18 18:06:32
"3",110,116454.088295588,477806.46250209,45,2023-03-18 18:06:32
"4",28,120117.650592494,490051.284387148,45,2023-03-18 18:06:32
"5",55,123536.64224286,488605.418552167,45,2023-03-18 18:06:32
"6",105,104096.262919198,475467.330849406,45,2023-03-18 18:06:32
"7",53,124496.133424788,479377.851307375,45,2023-03-18 18:06:32
"8",41,115267.792139982,473289.610045491,45,2023-03-18 18:06:32
"9",38,114646.442202518,484057.671518121,45,2023-03-18 18:06:32
"10",3,123654.03862755,468807.714511531,45,2023-03-18 18:06:32
"11",12,117432.659330801,471663.978658578,45,2023-03-18 18:06:32
"12",77,107728.653347665,480877.111998459,45,2023-03-18 18:06:32
"13",78,134132.392148406,501712.283377764,45,2023-03-18 18:06:32
"14",132,102716.171987639,468813.801870606,45,2023-03-18 18:06:32
"15",138,106723.730848936,470971.3385407,45,2023-03-18 18:06:32
"16",29,117792.156247033,490348.936826393,45,2023-03-18 18:06:32
"17",109,126475.133608909,482665.751855234,45,2023-03-18 18:06:32
"18",22,103386.517343155,483071.235040312,45,2023-03-18 18:06:32
"19",15,112619.641233934,485883.420480847,45,2023-03-18 18:06:32
"20",76,125477.429676372,496824.873767456,45,2023-03-18 18:06:32
"21",128,140570.916308545,486290.049847961,45,2023-03-18 18:06:32
"22",23,131023.282309538,497886.113059185,45,2023-03-18 18:06:32
"23",115,122994.771589477,483235.206867185,45,2023-03-18 18:06:32
"24",88,112618.713000958,500072.420626886,45,2023-03-18 18:06:32
"25",59,117548.930715398,477556.304235461,45,2023-03-18 18:06:32
"26",36,100729.238858266,497591.788326649,45,2023-03-18 18:06:32
"27",17,102700.346689884,474178.371876314,45,2023-03-18 18:06:32
"28",33,140344.089771341,475620.475169796,45,2023-03-18 18:06:32
"29",87,125020.164143021,483276.679086084,45,2023-03-18 18:06:32
"30",31,109622.821041546,478465.79195225,45,2023-03-18 18:06:32
"31",32,106438.425735977,484875.918688247,45,2023-03-18 18:06:32
"32",44,120825.911371494,491364.007667262,45,2023-03-18 18:06:32
"33",11,139818.182586301,484096.917208804,45,2023-03-18 18:06:32
"34",92,131488.56012858,503161.077993282,45,2023-03-18 18:06:32
"35",112,122181.640752614,490106.245796722,45,2023-03-18 18:06:32
"36",94,115908.716368685,495421.237183993,45,2023-03-18 18:06:32
"37",80,99321.3307999056,474284.557328776,45,2023-03-18 18:06:32
"38",26,118529.546375664,490047.735219862,45,2023-03-18 18:06:32
"39",79,140924.60947606,471232.126471798,45,2023-03-18 18:06:32
"40",24,114331.638059257,489611.409048822,45,2023-03-18 18:06:32
"41",60,118032.680888116,483977.928481976,45,2023-03-18 18:06:32
"42",129,98460.9875222031,478073.680123924,45,2023-03-18 18:06:32
"43",123,118314.531992251,507053.196335368,45,2023-03-18 18:06:32
"44",72,136252.258146926,468993.449943554,45,2023-03-18 18:06:32
"45",91,129423.58793806,483624.217599637,45,2023-03-18 18:06:32
"1",33,140344.10065752,475618.598751906,46,2023-03-18 18:21:10
"2",36,100729.248688724,497591.763125039,46,2023-03-18 18:21:10
"3",17,102700.36644082,474175.665009753,46,2023-03-18 18:21:10
"4",26,118529.543861481,490044.416004834,46,2023-03-18 18:21:10
"5",31,109622.785814098,478467.064780067,46,2023-03-18 18:21:10
"6",116,119918.103038927,491749.421742251,46,2023-03-18 18:21:10
"7",22,103386.44339954,483073.183836826,46,2023-03-18 18:21:10
"8",105,104096.196388483,475472.159722124,46,2023-03-18 18:21:10
"9",94,115908.698090882,495420.034578496,46,2023-03-18 18:21:10
"10",72,136252.271324529,468996.598255121,46,2023-03-18 18:21:10
"11",128,140570.87645827,486289.497278181,46,2023-03-18 18:21:10
"12",126,142342.665048097,486080.323801441,46,2023-03-18 18:21:10
"13",77,107728.684728066,480883.027850913,46,2023-03-18 18:21:10
"14",80,99321.3344600651,474280.485001651,46,2023-03-18 18:21:10
"15",115,122994.728199848,483237.383539013,46,2023-03-18 18:21:10
"16",11,139818.196405871,484096.672388681,46,2023-03-18 18:21:10
"17",118,121544.724692609,490718.554176527,46,2023-03-18 18:21:10
"18",3,123654.067858829,468802.891031515,46,2023-03-18 18:21:10
"19",27,107658.179040072,477597.100458222,46,2023-03-18 18:21:10
"20",15,112619.563554943,485883.736691055,46,2023-03-18 18:21:10
"21",122,118004.741027205,506945.732542919,46,2023-03-18 18:21:10
"22",60,118032.700293818,483973.853457403,46,2023-03-18 18:21:10
"23",110,116454.176242742,477806.523926949,46,2023-03-18 18:21:10
"24",23,131023.334371675,497891.177373379,46,2023-03-18 18:21:10
"25",138,106723.738809304,470973.659385387,46,2023-03-18 18:21:10
"26",78,134132.458667046,501708.897718962,46,2023-03-18 18:21:10
"27",79,140924.623777852,471236.138550162,46,2023-03-18 18:21:10
"28",74,107022.741737266,478441.503536022,46,2023-03-18 18:21:10
"29",131,98621.0723595858,478715.163903441,46,2023-03-18 18:21:10
"30",109,126475.188568603,482670.702377295,46,2023-03-18 18:21:10
"31",92,131488.518086749,503155.687959259,46,2023-03-18 18:21:10
"32",24,114331.554503107,489611.46701158,46,2023-03-18 18:21:10
"33",76,125477.354667977,496830.353310069,46,2023-03-18 18:21:10
"34",38,114646.502288098,484058.978213331,46,2023-03-18 18:21:10
"35",53,124496.134791249,479383.904404642,46,2023-03-18 18:21:10
"36",55,123536.616569538,488608.37432049,46,2023-03-18 18:21:10
"37",28,120117.580564486,490054.408624694,46,2023-03-18 18:21:10
"38",41,115267.808628275,473289.431654856,46,2023-03-18 18:21:10
"39",29,117792.173749587,490348.282728477,46,2023-03-18 18:21:10
"40",88,112618.694338699,500072.811745883,46,2023-03-18 18:21:10
"41",132,102716.085084538,468813.213254815,46,2023-03-18 18:21:10
"42",59,117548.824994995,477553.626808113,46,2023-03-18 18:21:10
"43",32,106438.437821608,484878.060385663,46,2023-03-18 18:21:10
"44",12,117432.614631179,471664.590269821,46,2023-03-18 18:21:10
"45",87,125020.208172485,483275.047310571,46,2023-03-18 18:21:10
"46",91,129423.591469579,483624.563647464,46,2023-03-18 18:21:10
"1",115,122994.73299906,483235.305681004,47,2023-03-18 18:50:15
"2",123,118314.535069633,507054.246075015,47,2023-03-18 18:50:15
"3",38,114646.464255979,484057.468872265,47,2023-03-18 18:50:15
"4",53,124496.157863491,479379.39953165,47,2023-03-18 18:50:15
"5",22,103386.480324166,483073.392909373,47,2023-03-18 18:50:15
"6",41,115267.771859468,473293.890498823,47,2023-03-18 18:50:15
"7",36,100729.261956457,497593.60653781,47,2023-03-18 18:50:15
"8",91,129423.616378953,483624.332166912,47,2023-03-18 18:50:15
"9",15,112619.640549547,485884.231613652,47,2023-03-18 18:50:15
"10",16,123447.006390984,482201.198307294,47,2023-03-18 18:50:15
"11",76,125477.377236405,496829.479454539,47,2023-03-18 18:50:15
"12",48,120604.026561189,491228.258380871,47,2023-03-18 18:50:15
"13",17,102700.322464688,474176.352414724,47,2023-03-18 18:50:15
"14",31,109622.841088842,478465.156217787,47,2023-03-18 18:50:15
"15",33,140344.087682343,475620.102496056,47,2023-03-18 18:50:15
"16",29,117792.210331124,490349.62176513,47,2023-03-18 18:50:15
"17",77,107728.737977439,480882.637620938,47,2023-03-18 18:50:15
"18",116,119918.072059668,491748.421514528,47,2023-03-18 18:50:15
"19",55,123536.598331824,488608.950163859,47,2023-03-18 18:50:15
"20",59,117548.910569888,477556.64882095,47,2023-03-18 18:50:15
"21",129,98460.9315729509,478074.38508228,47,2023-03-18 18:50:15
"22",126,142342.654987631,486081.847146552,47,2023-03-18 18:50:15
"23",3,123654.088937839,468806.858106375,47,2023-03-18 18:50:15
"24",132,102716.104246974,468812.284648971,47,2023-03-18 18:50:15
"25",71,136791.631435147,474549.229005432,47,2023-03-18 18:50:15
"26",60,118032.757690718,483974.016584182,47,2023-03-18 18:50:15
"27",56,138444.3274047,469484.598152715,47,2023-03-18 18:50:15
"28",74,107022.783242181,478443.901416209,47,2023-03-18 18:50:15
"29",92,131488.50614759,503161.989591216,47,2023-03-18 18:50:15
"30",87,125020.224621166,483280.420458327,47,2023-03-18 18:50:15
"31",11,139818.192204351,484099.159036539,47,2023-03-18 18:50:15
"32",128,140570.913616669,486288.593213727,47,2023-03-18 18:50:15
"33",78,134132.384145092,501708.820105225,47,2023-03-18 18:50:15
"34",24,114331.539823159,489610.461270475,47,2023-03-18 18:50:15
"35",88,112618.656214005,500072.562822308,47,2023-03-18 18:50:15
"36",94,115908.679917765,495420.200894343,47,2023-03-18 18:50:15
"37",138,106723.759295267,470971.426734903,47,2023-03-18 18:50:15
"38",105,104096.231836422,475471.64865256,47,2023-03-18 18:50:15
"39",80,99321.3432916899,474278.812357226,47,2023-03-18 18:50:15
"40",79,140924.626987953,471235.470653841,47,2023-03-18 18:50:15
"41",12,117432.624151399,471666.073642589,47,2023-03-18 18:50:15
"42",28,120117.58354756,490049.75949949,47,2023-03-18 18:50:15
"43",26,118529.525241619,490043.055565424,47,2023-03-18 18:50:15
"44",32,106438.360706538,484879.770483927,47,2023-03-18 18:50:15
"45",109,126475.133784896,482667.489201074,47,2023-03-18 18:50:15
"46",110,116454.146322019,477803.399985839,47,2023-03-18 18:50:15
"47",112,122181.668126114,490106.834271143,47,2023-03-18 18:50:15
"1",53,124496.107061136,479379.952079229,48,2023-03-18 19:10:28
"2",78,134132.351810116,501712.01222297,48,2023-03-18 19:10:28
"3",29,117792.192628602,490344.859840241,48,2023-03-18 19:10:28
"4",77,107728.673649083,480880.121858038,48,2023-03-18 19:10:28
"5",79,140924.568962048,471232.324086727,48,2023-03-18 19:10:28
"6",15,112619.60120143,485885.992083967,48,2023-03-18 19:10:28
"7",87,125020.257074283,483275.759745553,48,2023-03-18 19:10:28
"8",88,112618.620913949,500071.670806785,48,2023-03-18 19:10:28
"9",41,115267.868758213,473289.749260418,48,2023-03-18 19:10:28
"10",44,120825.940929294,491363.628610204,48,2023-03-18 19:10:28
"11",115,122994.746191843,483238.506836313,48,2023-03-18 19:10:28
"12",71,136791.64188998,474548.578871932,48,2023-03-18 19:10:28
"13",26,118529.510537358,490044.919397852,48,2023-03-18 19:10:28
"14",60,118032.728104359,483972.20998006,48,2023-03-18 19:10:28
"15",123,118314.573051771,507054.205093373,48,2023-03-18 19:10:28
"16",33,140344.155874209,475620.40596078,48,2023-03-18 19:10:28
"17",131,98621.1275982305,478716.48104024,48,2023-03-18 19:10:28
"18",109,126475.202429002,482666.764761466,48,2023-03-18 19:10:28
"19",55,123536.631428698,488605.882024337,48,2023-03-18 19:10:28
"20",56,138444.341577682,469480.975502076,48,2023-03-18 19:10:28
"21",36,100729.15987373,497594.047522394,48,2023-03-18 19:10:28
"22",128,140570.903559948,486288.983309259,48,2023-03-18 19:10:28
"23",92,131488.552683699,503161.993950465,48,2023-03-18 19:10:28
"24",132,102716.142899663,468811.432967288,48,2023-03-18 19:10:28
"25",116,119918.068879928,491754.289162864,48,2023-03-18 19:10:28
"26",16,123447.055922472,482205.836245556,48,2023-03-18 19:10:28
"27",32,106438.368965315,484877.147048676,48,2023-03-18 19:10:28
"28",91,129423.670525529,483623.717919722,48,2023-03-18 19:10:28
"29",74,107022.839606606,478445.88500584,48,2023-03-18 19:10:28
"30",138,106723.685905412,470973.952380311,48,2023-03-18 19:10:28
"31",112,122181.744034721,490107.265516791,48,2023-03-18 19:10:28
"32",24,114331.639811581,489611.2531893,48,2023-03-18 19:10:28
"33",22,103386.533588461,483072.539453046,48,2023-03-18 19:10:28
"34",17,102700.377173247,474177.944980912,48,2023-03-18 19:10:28
"35",38,114646.476796525,484058.934551869,48,2023-03-18 19:10:28
"36",3,123654.107197568,468803.937682485,48,2023-03-18 19:10:28
"37",76,125477.377951751,496824.945270871,48,2023-03-18 19:10:28
"38",11,139818.161043446,484093.34399379,48,2023-03-18 19:10:28
"39",126,142342.691901157,486079.426018467,48,2023-03-18 19:10:28
"40",59,117548.848687176,477556.495140793,48,2023-03-18 19:10:28
"41",110,116454.108009076,477805.928281251,48,2023-03-18 19:10:28
"42",94,115908.676776939,495423.021267281,48,2023-03-18 19:10:28
"43",12,117432.656416032,471668.069809481,48,2023-03-18 19:10:28
"44",80,99321.2723444793,474280.539810566,48,2023-03-18 19:10:28
"45",27,107658.187012977,477595.445053343,48,2023-03-18 19:10:28
"46",28,120117.54338671,490054.030161119,48,2023-03-18 19:10:28
"47",105,104096.187060531,475467.408202311,48,2023-03-18 19:10:28
"48",31,109622.775470144,478466.263648071,48,2023-03-18 19:10:28
"1",32,106438.44600783,484876.953683189,49,2023-03-18 19:33:19
"2",86,140161.302869678,472431.304782105,49,2023-03-18 19:33:19
"3",44,120825.870066551,491363.661103591,49,2023-03-18 19:33:19
"4",38,114646.482076321,484059.287834943,49,2023-03-18 19:33:19
"5",55,123536.603264603,488606.065264054,49,2023-03-18 19:33:19
"6",26,118529.542079579,490042.380877139,49,2023-03-18 19:33:19
"7",128,140570.858440018,486287.573755133,49,2023-03-18 19:33:19
"8",29,117792.099183071,490343.699529397,49,2023-03-18 19:33:19
"9",3,123654.115268316,468805.691716164,49,2023-03-18 19:33:19
"10",78,134132.373413935,501710.286747013,49,2023-03-18 19:33:19
"11",59,117548.920255583,477556.410626096,49,2023-03-18 19:33:19
"12",36,100729.221593749,497589.805629815,49,2023-03-18 19:33:19
"13",122,118004.752772136,506950.348244212,49,2023-03-18 19:33:19
"14",28,120117.547087599,490055.127275149,49,2023-03-18 19:33:19
"15",60,118032.792624073,483972.048143322,49,2023-03-18 19:33:19
"16",126,142342.692846105,486079.839149059,49,2023-03-18 19:33:19
"17",80,99321.3057861182,474284.728525557,49,2023-03-18 19:33:19
"18",15,112619.649868308,485884.180063101,49,2023-03-18 19:33:19
"19",22,103386.430436386,483070.916605423,49,2023-03-18 19:33:19
"20",110,116454.177704799,477807.135148233,49,2023-03-18 19:33:19
"21",105,104096.178604877,475466.624841951,49,2023-03-18 19:33:19
"22",112,122181.708852807,490109.904555961,49,2023-03-18 19:33:19
"23",11,139818.219473561,484096.642142802,49,2023-03-18 19:33:19
"24",132,102716.170246612,468810.019735053,49,2023-03-18 19:33:19
"25",54,108909.171553522,479003.664846,49,2023-03-18 19:33:19
"26",27,107658.120869746,477592.995816753,49,2023-03-18 19:33:19
"27",39,128446.336449466,493856.148610945,49,2023-03-18 19:33:19
"28",115,122994.676832264,483235.835411228,49,2023-03-18 19:33:19
"29",92,131488.477973091,503156.995446025,49,2023-03-18 19:33:19
"30",116,119918.164771024,491748.483016657,49,2023-03-18 19:33:19
"31",109,126475.137561034,482671.227901278,49,2023-03-18 19:33:19
"32",131,98621.1040028008,478715.998038487,49,2023-03-18 19:33:19
"33",53,124496.127949257,479381.006310232,49,2023-03-18 19:33:19
"34",93,141526.558497978,470235.451813973,49,2023-03-18 19:33:19
"35",76,125477.363266876,496829.25925413,49,2023-03-18 19:33:19
"36",33,140344.155471029,475621.358031716,49,2023-03-18 19:33:19
"37",41,115267.871389049,473294.791374466,49,2023-03-18 19:33:19
"38",17,102700.352263735,474175.529060441,49,2023-03-18 19:33:19
"39",87,125020.175150819,483277.655029985,49,2023-03-18 19:33:19
"40",31,109622.774089656,478466.931236674,49,2023-03-18 19:33:19
"41",74,107022.741607973,478442.308781519,49,2023-03-18 19:33:19
"42",138,106723.735574348,470971.472033748,49,2023-03-18 19:33:19
"43",56,138444.32512197,469483.726944488,49,2023-03-18 19:33:19
"44",88,112618.71379924,500075.949684037,49,2023-03-18 19:33:19
"45",77,107728.703982506,480881.982748958,49,2023-03-18 19:33:19
"46",91,129423.587353829,483624.43483096,49,2023-03-18 19:33:19
"47",94,115908.651874309,495419.243421367,49,2023-03-18 19:33:19
"48",12,117432.695217552,471668.92826901,49,2023-03-18 19:33:19
"49",24,114331.610098382,489611.495416271,49,2023-03-18 19:33:19
"1",77,107728.68870725,480881.529683722,50,2023-03-18 19:41:13
"2",138,106723.684886262,470971.859326854,50,2023-03-18 19:41:13
"3",91,129423.652625276,483621.3811369,50,2023-03-18 19:41:13
"4",76,125477.432172033,496825.254172301,50,2023-03-18 19:41:13
"5",80,99321.3249920786,474279.36799492,50,2023-03-18 19:41:13
"6",59,117548.867813564,477557.321414885,50,2023-03-18 19:41:13
"7",27,107658.144673452,477593.458385563,50,2023-03-18 19:41:13
"8",15,112619.602087165,485885.413191091,50,2023-03-18 19:41:13
"9",31,109622.777007101,478464.232300931,50,2023-03-18 19:41:13
"10",55,123536.60097674,488609.627737413,50,2023-03-18 19:41:13
"11",133,100298.63992456,478271.619670878,50,2023-03-18 19:41:13
"12",116,119918.136080303,491750.86090079,50,2023-03-18 19:41:13
"13",3,123654.059479915,468806.274364132,50,2023-03-18 19:41:13
"14",26,118529.486083118,490048.116405798,50,2023-03-18 19:41:13
"15",29,117792.205617022,490349.671054769,50,2023-03-18 19:41:13
"16",92,131488.503699435,503158.105287221,50,2023-03-18 19:41:13
"17",54,108909.08848591,479002.9846118,50,2023-03-18 19:41:13
"18",33,140344.167977559,475623.299441543,50,2023-03-18 19:41:13
"19",132,102716.112853804,468816.220451819,50,2023-03-18 19:41:13
"20",115,122994.721536002,483236.681852544,50,2023-03-18 19:41:13
"21",22,103386.472890955,483073.433930417,50,2023-03-18 19:41:13
"22",38,114646.499236048,484055.030601183,50,2023-03-18 19:41:13
"23",105,104096.242011747,475471.114763623,50,2023-03-18 19:41:13
"24",53,124496.126707382,479383.481677813,50,2023-03-18 19:41:13
"25",86,140161.318927882,472429.291482372,50,2023-03-18 19:41:13
"26",78,134132.390443913,501708.846652204,50,2023-03-18 19:41:13
"27",36,100729.1989566,497594.145583705,50,2023-03-18 19:41:13
"28",87,125020.251684979,483279.31582918,50,2023-03-18 19:41:13
"29",11,139818.139988181,484095.926617962,50,2023-03-18 19:41:13
"30",24,114331.626726789,489608.897316149,50,2023-03-18 19:41:13
"31",93,141526.567336871,470237.105098256,50,2023-03-18 19:41:13
"32",134,98971.8191601492,476111.136312397,50,2023-03-18 19:41:13
"33",74,107022.83556734,478440.973622819,50,2023-03-18 19:41:13
"34",129,98460.9732552811,478078.204020364,50,2023-03-18 19:41:13
"35",60,118032.791906818,483975.284905557,50,2023-03-18 19:41:13
"36",32,106438.422704546,484877.221952191,50,2023-03-18 19:41:13
"37",71,136791.698495215,474551.332791477,50,2023-03-18 19:41:13
"38",56,138444.353502407,469483.946900831,50,2023-03-18 19:41:13
"39",41,115267.7782348,473289.211449736,50,2023-03-18 19:41:13
"40",128,140570.901308165,486285.315056748,50,2023-03-18 19:41:13
"41",123,118314.473546167,507052.343154965,50,2023-03-18 19:41:13
"42",12,117432.615181064,471663.70145528,50,2023-03-18 19:41:13
"43",28,120117.560699006,490053.002554958,50,2023-03-18 19:41:13
"44",109,126475.15978997,482666.152026544,50,2023-03-18 19:41:13
"45",88,112618.690222714,500073.04520811,50,2023-03-18 19:41:13
"46",94,115908.618305884,495420.580172711,50,2023-03-18 19:41:13
"47",110,116454.079546876,477801.027504017,50,2023-03-18 19:41:13
"48",44,120825.885175208,491364.568654058,50,2023-03-18 19:41:13
"49",112,122181.661886435,490109.089934749,50,2023-03-18 19:41:13
"50",16,123447.090529907,482203.697294962,50,2023-03-18 19:41:13
