"1",48,120604.033444157,491230.570784025,121,2023-03-28 11:36:59,2023-03-28 11:38:12
"2",114,123746.663671542,483452.97821453,121,2023-03-28 11:36:59,2023-03-28 11:38:12
"3",100,119534.678632928,490017.626761436,121,2023-03-28 11:36:59,2023-03-28 11:38:12
"4",132,102716.134195937,468813.639999051,121,2023-03-28 11:36:59,2023-03-28 11:38:12
"5",138,106723.684590628,470975.676895561,121,2023-03-28 11:36:59,2023-03-28 11:38:12
"6",116,119918.114910986,491753.516858299,121,2023-03-28 11:36:59,2023-03-28 11:38:12
"7",112,122181.714505757,490106.7857653,121,2023-03-28 11:36:59,2023-03-28 11:38:12
"8",116,119918.143086584,491754.604774451,121,2023-03-28 11:36:59,2023-03-28 11:38:12
"9",15,112619.621087852,485882.926121523,121,2023-03-28 11:36:59,2023-03-28 11:38:12
"10",60,118032.718345496,483973.733186696,121,2023-03-28 11:36:59,2023-03-28 11:38:12
"11",134,98971.8102530114,476114.182157886,121,2023-03-28 11:36:59,2023-03-28 11:38:12
"12",6,140147.221002566,485147.280168946,121,2023-03-28 11:36:59,2023-03-28 11:38:12
"13",91,129423.64114583,483621.772237148,121,2023-03-28 11:36:59,2023-03-28 11:38:12
"14",112,122181.662426875,490110.701407754,121,2023-03-28 11:36:59,2023-03-28 11:38:12
"15",39,128446.317614032,493852.858672241,121,2023-03-28 11:36:59,2023-03-28 11:38:12
"16",76,125477.353057961,496828.216896764,121,2023-03-28 11:36:59,2023-03-28 11:38:12
"17",29,117792.174819902,490345.60569431,121,2023-03-28 11:36:59,2023-03-28 11:38:12
"1",98,106504.904416225,498132.499302082,128,2023-03-28 11:37:15,2023-03-28 11:39:06
"2",115,122994.683523829,483238.154456861,128,2023-03-28 11:37:15,2023-03-28 11:39:06
"3",1,127087.647876159,476512.899189254,128,2023-03-28 11:37:15,2023-03-28 11:39:06
"4",101,110903.471553508,478831.01138918,128,2023-03-28 11:37:15,2023-03-28 11:39:06
"5",19,123451.294207402,482844.479955145,128,2023-03-28 11:37:15,2023-03-28 11:39:06
"6",22,103386.476715446,483072.280345069,128,2023-03-28 11:37:15,2023-03-28 11:39:06
"7",52,124354.317566832,488816.305923281,128,2023-03-28 11:37:15,2023-03-28 11:39:06
"8",1,127087.727354958,476512.25915419,128,2023-03-28 11:37:15,2023-03-28 11:39:06
"9",52,124354.326649131,488815.300447967,128,2023-03-28 11:37:15,2023-03-28 11:39:06
"10",38,114646.486049366,484054.780883825,128,2023-03-28 11:37:15,2023-03-28 11:39:06
"1",5,128994.411555678,470188.598041202,135,2023-03-28 11:37:16,2023-03-28 12:13:05
"2",73,114270.628348202,474345.479007479,135,2023-03-28 11:37:16,2023-03-28 12:13:05
"3",134,98971.7958017527,476109.351242284,135,2023-03-28 11:37:16,2023-03-28 12:13:05
"1",134,98971.8075655036,476108.607842097,134,2023-03-28 11:36:58,2023-03-28 12:22:30
"2",21,113217.694241548,474643.972438163,134,2023-03-28 11:36:58,2023-03-28 12:22:30
"3",52,124354.269486186,488810.992611252,134,2023-03-28 11:36:58,2023-03-28 12:22:30
"4",13,104213.713564218,498155.979113425,134,2023-03-28 11:36:58,2023-03-28 12:22:30
"1",1,127087.647473047,476508.854388357,133,2023-03-28 11:37:01,2023-03-28 12:43:32
"2",134,98971.8421405954,476113.545678463,133,2023-03-28 11:37:01,2023-03-28 12:43:32
"3",13,104213.640306365,498153.198221147,133,2023-03-28 11:37:01,2023-03-28 12:43:32
"4",73,114270.728875781,474344.182258197,133,2023-03-28 11:37:01,2023-03-28 12:43:32
"5",39,128446.311551873,493853.91118135,133,2023-03-28 11:37:01,2023-03-28 12:43:32
"1",13,104213.616881011,498153.312979953,132,2023-03-28 11:37:37,2023-03-28 13:17:07
"2",134,98971.8091088375,476111.658803245,132,2023-03-28 11:37:37,2023-03-28 13:17:07
"3",33,140344.103715996,475620.47707938,132,2023-03-28 11:37:37,2023-03-28 13:17:07
"4",25,108362.306625589,502222.054072168,132,2023-03-28 11:37:37,2023-03-28 13:17:07
"5",73,114270.635436192,474344.276451739,132,2023-03-28 11:37:37,2023-03-28 13:17:07
"6",2,128235.114824227,473685.511259897,132,2023-03-28 11:37:37,2023-03-28 13:17:07
"1",73,114270.645691334,474344.357476216,130,2023-03-28 11:36:58,2023-03-28 13:23:13
"2",25,108362.269904734,502225.772981283,130,2023-03-28 11:36:58,2023-03-28 13:23:13
"3",137,98973.1647237122,474289.574015538,130,2023-03-28 11:36:58,2023-03-28 13:23:13
"4",134,98971.8368480825,476109.396643154,130,2023-03-28 11:36:58,2023-03-28 13:23:13
"5",1,127087.643201753,476511.310056913,130,2023-03-28 11:36:58,2023-03-28 13:23:13
"6",2,128235.118698673,473683.92377837,130,2023-03-28 11:36:58,2023-03-28 13:23:13
"7",13,104213.608941985,498155.295439502,130,2023-03-28 11:36:58,2023-03-28 13:23:13
"8",33,140344.119072663,475618.326528884,130,2023-03-28 11:36:58,2023-03-28 13:23:13
"1",73,114270.727222168,474344.538497665,129,2023-03-28 11:36:58,2023-03-28 13:30:03
"2",41,115267.795060191,473290.464550099,129,2023-03-28 11:36:58,2023-03-28 13:30:03
"3",13,104213.636739206,498155.296974383,129,2023-03-28 11:36:58,2023-03-28 13:30:03
"4",33,140344.158898698,475621.409837422,129,2023-03-28 11:36:58,2023-03-28 13:30:03
"5",124,106786.629334814,505683.631848431,129,2023-03-28 11:36:58,2023-03-28 13:30:03
"6",52,124354.287685641,488815.934541742,129,2023-03-28 11:36:58,2023-03-28 13:30:03
"7",134,98971.8193717193,476110.619275449,129,2023-03-28 11:36:58,2023-03-28 13:30:03
"8",25,108362.246751734,502225.702807824,129,2023-03-28 11:36:58,2023-03-28 13:30:03
"9",2,128235.059021523,473679.580688908,129,2023-03-28 11:36:58,2023-03-28 13:30:03
"1",114,123746.672232115,483455.469066088,127,2023-03-28 11:36:59,2023-03-28 14:43:27
"2",73,114270.656523098,474344.310828936,127,2023-03-28 11:36:59,2023-03-28 14:43:27
"3",85,136803.458406578,475486.531808268,127,2023-03-28 11:36:59,2023-03-28 14:43:27
"4",2,128235.09196792,473679.747560184,127,2023-03-28 11:36:59,2023-03-28 14:43:27
"5",115,122994.759995031,483238.18509878,127,2023-03-28 11:36:59,2023-03-28 14:43:27
"6",124,106786.586920906,505684.597811836,127,2023-03-28 11:36:59,2023-03-28 14:43:27
"7",97,131728.776153082,476037.276675666,127,2023-03-28 11:36:59,2023-03-28 14:43:27
"8",134,98971.7837997945,476114.128620217,127,2023-03-28 11:36:59,2023-03-28 14:43:27
"9",13,104213.617023632,498150.970385606,127,2023-03-28 11:36:59,2023-03-28 14:43:27
"10",33,140344.102362402,475621.454617466,127,2023-03-28 11:36:59,2023-03-28 14:43:27
"11",25,108362.287222064,502226.69189048,127,2023-03-28 11:36:59,2023-03-28 14:43:27
"1",25,108362.275672933,502224.173724236,131,2023-03-28 11:36:53,2023-03-28 15:45:25
"2",2,128235.149589784,473680.185080007,131,2023-03-28 11:36:53,2023-03-28 15:45:25
"3",30,105365.054328603,502140.390573188,131,2023-03-28 11:36:53,2023-03-28 15:45:25
"4",73,114270.633148861,474341.209167491,131,2023-03-28 11:36:53,2023-03-28 15:45:25
"5",134,98971.8324742052,476114.023815849,131,2023-03-28 11:36:53,2023-03-28 15:45:25
"6",13,104213.630814851,498155.788092686,131,2023-03-28 11:36:53,2023-03-28 15:45:25
"7",52,124354.299483922,488816.232743126,131,2023-03-28 11:36:53,2023-03-28 15:45:25
"1",73,114270.637952957,474346.2804611,126,2023-03-28 11:37:12,2023-03-28 18:04:21
"2",134,98971.8123125128,476107.947910608,126,2023-03-28 11:37:12,2023-03-28 18:04:21
"3",115,122994.721540342,483235.146466112,126,2023-03-28 11:37:12,2023-03-28 18:04:21
"4",1,127087.633573305,476509.954440387,126,2023-03-28 11:37:12,2023-03-28 18:04:21
"5",114,123746.710826376,483450.441341037,126,2023-03-28 11:37:12,2023-03-28 18:04:21
"6",124,106786.688976603,505682.647304431,126,2023-03-28 11:37:12,2023-03-28 18:04:21
"7",85,136803.396696973,475489.694857282,126,2023-03-28 11:37:12,2023-03-28 18:04:21
"8",71,136791.633355832,474551.263084308,126,2023-03-28 11:37:12,2023-03-28 18:04:21
"9",25,108362.298257816,502222.253671623,126,2023-03-28 11:37:12,2023-03-28 18:04:21
"10",13,104213.718476564,498151.799591532,126,2023-03-28 11:37:12,2023-03-28 18:04:21
"11",2,128235.157847617,473685.022272539,126,2023-03-28 11:37:12,2023-03-28 18:04:21
"12",30,105365.034197025,502137.93143099,126,2023-03-28 11:37:12,2023-03-28 18:04:21
"1",2,128235.113329365,473683.680843083,125,2023-03-28 11:37:30,2023-03-28 18:21:37
"2",81,113313.421309064,501740.659383131,125,2023-03-28 11:37:30,2023-03-28 18:21:37
"3",73,114270.744772445,474346.476510095,125,2023-03-28 11:37:30,2023-03-28 18:21:37
"4",25,108362.327707145,502221.40056332,125,2023-03-28 11:37:30,2023-03-28 18:21:37
"5",1,127087.708495903,476511.76897191,125,2023-03-28 11:37:30,2023-03-28 18:21:37
"6",30,105365.087541266,502139.832073131,125,2023-03-28 11:37:30,2023-03-28 18:21:37
"7",89,134043.088216824,473818.118025753,125,2023-03-28 11:37:30,2023-03-28 18:21:37
"8",71,136791.66457425,474547.757717843,125,2023-03-28 11:37:30,2023-03-28 18:21:37
"9",85,136803.439079329,475485.458671313,125,2023-03-28 11:37:30,2023-03-28 18:21:37
"10",13,104213.689981838,498156.190683393,125,2023-03-28 11:37:30,2023-03-28 18:21:37
"11",52,124354.244350496,488815.622100734,125,2023-03-28 11:37:30,2023-03-28 18:21:37
"12",124,106786.655898857,505687.827296577,125,2023-03-28 11:37:30,2023-03-28 18:21:37
"13",134,98971.8719557821,476113.313573749,125,2023-03-28 11:37:30,2023-03-28 18:21:37
"1",72,136252.209954073,468993.147470823,124,2023-03-28 11:37:01,2023-03-28 19:00:49
"2",30,105365.053942531,502139.686006043,124,2023-03-28 11:37:01,2023-03-28 19:00:49
"3",124,106786.618892158,505685.756436641,124,2023-03-28 11:37:01,2023-03-28 19:00:49
"4",134,98971.8474345348,476110.868639862,124,2023-03-28 11:37:01,2023-03-28 19:00:49
"5",2,128235.095974515,473680.466005081,124,2023-03-28 11:37:01,2023-03-28 19:00:49
"6",25,108362.345589667,502223.095660401,124,2023-03-28 11:37:01,2023-03-28 19:00:49
"7",85,136803.46307686,475485.707862946,124,2023-03-28 11:37:01,2023-03-28 19:00:49
"8",13,104213.614082404,498156.446731971,124,2023-03-28 11:37:01,2023-03-28 19:00:49
"9",97,131728.809827508,476034.270060746,124,2023-03-28 11:37:01,2023-03-28 19:00:49
"10",96,138160.77150789,467513.300770779,124,2023-03-28 11:37:01,2023-03-28 19:00:49
"11",56,138444.400793845,469483.442226299,124,2023-03-28 11:37:01,2023-03-28 19:00:49
"12",33,140344.159530062,475623.769626242,124,2023-03-28 11:37:01,2023-03-28 19:00:49
"13",73,114270.711199079,474340.044657195,124,2023-03-28 11:37:01,2023-03-28 19:00:49
"14",1,127087.667121984,476513.909273843,124,2023-03-28 11:37:01,2023-03-28 19:00:49
"1",115,122994.674535951,483234.985638603,123,2023-03-28 11:36:53,2023-03-28 19:21:43
"2",2,128235.139971848,473685.430186779,123,2023-03-28 11:36:53,2023-03-28 19:21:43
"3",85,136803.395613325,475487.7589317,123,2023-03-28 11:36:53,2023-03-28 19:21:43
"4",71,136791.604901222,474549.943399308,123,2023-03-28 11:36:53,2023-03-28 19:21:43
"5",73,114270.693324143,474345.583888569,123,2023-03-28 11:36:53,2023-03-28 19:21:43
"6",89,134043.066601102,473817.961951222,123,2023-03-28 11:36:53,2023-03-28 19:21:43
"7",114,123746.721086083,483453.086207315,123,2023-03-28 11:36:53,2023-03-28 19:21:43
"8",25,108362.346099485,502224.564078976,123,2023-03-28 11:36:53,2023-03-28 19:21:43
"9",124,106786.587457731,505683.051753299,123,2023-03-28 11:36:53,2023-03-28 19:21:43
"10",13,104213.679243564,498152.79189563,123,2023-03-28 11:36:53,2023-03-28 19:21:43
"11",52,124354.31650722,488811.424343335,123,2023-03-28 11:36:53,2023-03-28 19:21:43
"12",1,127087.65323294,476510.420222106,123,2023-03-28 11:36:53,2023-03-28 19:21:43
"13",134,98971.8765869319,476112.581284103,123,2023-03-28 11:36:53,2023-03-28 19:21:43
"14",30,105365.029047064,502137.955956342,123,2023-03-28 11:36:53,2023-03-28 19:21:43
"15",5,128994.438634492,470189.205944146,123,2023-03-28 11:36:53,2023-03-28 19:21:43
"1",97,131728.768948107,476039.780148736,122,2023-03-28 11:36:58,2023-03-28 19:38:33
"2",85,136803.461903734,475487.689653689,122,2023-03-28 11:36:58,2023-03-28 19:38:33
"3",73,114270.678269935,474345.910686967,122,2023-03-28 11:36:58,2023-03-28 19:38:33
"4",124,106786.642413558,505684.649043704,122,2023-03-28 11:36:58,2023-03-28 19:38:33
"5",4,129052.477115414,470349.689139945,122,2023-03-28 11:36:58,2023-03-28 19:38:33
"6",81,113313.433512705,501743.682765173,122,2023-03-28 11:36:58,2023-03-28 19:38:33
"7",5,128994.391571629,470189.68530018,122,2023-03-28 11:36:58,2023-03-28 19:38:33
"8",89,134043.093819596,473817.947845632,122,2023-03-28 11:36:58,2023-03-28 19:38:33
"9",33,140344.157853953,475622.841104032,122,2023-03-28 11:36:58,2023-03-28 19:38:33
"10",30,105365.055519162,502139.916770956,122,2023-03-28 11:36:58,2023-03-28 19:38:33
"11",114,123746.680877765,483454.76010463,122,2023-03-28 11:36:58,2023-03-28 19:38:33
"12",25,108362.230397542,502224.291393866,122,2023-03-28 11:36:58,2023-03-28 19:38:33
"13",13,104213.605082368,498156.948107106,122,2023-03-28 11:36:58,2023-03-28 19:38:33
"14",2,128235.056303863,473680.704202182,122,2023-03-28 11:36:58,2023-03-28 19:38:33
"15",134,98971.8949188547,476112.318601324,122,2023-03-28 11:36:58,2023-03-28 19:38:33
"16",115,122994.745044277,483240.759689847,122,2023-03-28 11:36:58,2023-03-28 19:38:33
"1",114,123746.676313701,483455.387025146,119,2023-03-28 11:36:53,2023-03-28 20:41:58
"2",52,124354.266066195,488810.801712347,119,2023-03-28 11:36:53,2023-03-28 20:41:58
"3",71,136791.624721567,474549.169109686,119,2023-03-28 11:36:53,2023-03-28 20:41:58
"4",5,128994.414107289,470186.836104543,119,2023-03-28 11:36:53,2023-03-28 20:41:58
"5",115,122994.664582132,483237.573412544,119,2023-03-28 11:36:53,2023-03-28 20:41:58
"6",56,138444.304286754,469485.252926744,119,2023-03-28 11:36:53,2023-03-28 20:41:58
"7",73,114270.724431766,474344.639782393,119,2023-03-28 11:36:53,2023-03-28 20:41:58
"8",25,108362.312568767,502225.232959228,119,2023-03-28 11:36:53,2023-03-28 20:41:58
"9",72,136252.30391737,468995.425585609,119,2023-03-28 11:36:53,2023-03-28 20:41:58
"10",2,128235.081352284,473684.575403017,119,2023-03-28 11:36:53,2023-03-28 20:41:58
"11",96,138160.793093755,467514.158222,119,2023-03-28 11:36:53,2023-03-28 20:41:58
"12",13,104213.610268933,498154.040486867,119,2023-03-28 11:36:53,2023-03-28 20:41:58
"13",124,106786.645610561,505685.827470156,119,2023-03-28 11:36:53,2023-03-28 20:41:58
"14",134,98971.8064375677,476108.63923559,119,2023-03-28 11:36:53,2023-03-28 20:41:58
"15",30,105365.031479377,502143.816323007,119,2023-03-28 11:36:53,2023-03-28 20:41:58
"16",1,127087.659156183,476509.570093757,119,2023-03-28 11:36:53,2023-03-28 20:41:58
"17",81,113313.368068555,501739.837374501,119,2023-03-28 11:36:53,2023-03-28 20:41:58
"18",137,98973.1277255304,474293.701712741,119,2023-03-28 11:36:53,2023-03-28 20:41:58
"19",85,136803.468031812,475490.414568898,119,2023-03-28 11:36:53,2023-03-28 20:41:58
"1",30,105365.080715282,502141.686928833,120,2023-03-28 11:37:06,2023-03-28 20:43:21
"2",134,98971.7897260516,476112.663228303,120,2023-03-28 11:37:06,2023-03-28 20:43:21
"3",137,98973.0767662154,474289.923336933,120,2023-03-28 11:37:06,2023-03-28 20:43:21
"4",33,140344.099670968,475623.945797213,120,2023-03-28 11:37:06,2023-03-28 20:43:21
"5",52,124354.336443885,488815.645481574,120,2023-03-28 11:37:06,2023-03-28 20:43:21
"6",96,138160.743472286,467512.276138148,120,2023-03-28 11:37:06,2023-03-28 20:43:21
"7",124,106786.574714157,505686.707991575,120,2023-03-28 11:37:06,2023-03-28 20:43:21
"8",25,108362.344794121,502226.46687411,120,2023-03-28 11:37:06,2023-03-28 20:43:21
"9",85,136803.496426271,475486.797313451,120,2023-03-28 11:37:06,2023-03-28 20:43:21
"10",5,128994.41353356,470189.591521644,120,2023-03-28 11:37:06,2023-03-28 20:43:21
"11",73,114270.687616398,474345.487247529,120,2023-03-28 11:37:06,2023-03-28 20:43:21
"12",72,136252.209409135,468990.882671748,120,2023-03-28 11:37:06,2023-03-28 20:43:21
"13",13,104213.700511337,498155.002009921,120,2023-03-28 11:37:06,2023-03-28 20:43:21
"14",56,138444.388157825,469485.579673222,120,2023-03-28 11:37:06,2023-03-28 20:43:21
"15",4,129052.470138304,470345.226693052,120,2023-03-28 11:37:06,2023-03-28 20:43:21
"16",2,128235.05244375,473684.19083286,120,2023-03-28 11:37:06,2023-03-28 20:43:21
"17",97,131728.739269353,476036.096565547,120,2023-03-28 11:37:06,2023-03-28 20:43:21
"18",89,134043.017031739,473818.047255276,120,2023-03-28 11:37:06,2023-03-28 20:43:21
"1",33,140344.11661788,475623.992757967,118,2023-03-28 11:36:53,2023-03-28 20:55:04
"2",85,136803.509395925,475485.085292434,118,2023-03-28 11:36:53,2023-03-28 20:55:04
"3",115,122994.775725453,483235.155329303,118,2023-03-28 11:36:53,2023-03-28 20:55:04
"4",13,104213.677789605,498153.477424684,118,2023-03-28 11:36:53,2023-03-28 20:55:04
"5",124,106786.644835904,505682.963831879,118,2023-03-28 11:36:53,2023-03-28 20:55:04
"6",58,121575.602818523,478547.427994171,118,2023-03-28 11:36:53,2023-03-28 20:55:04
"7",134,98971.8703317782,476112.768248188,118,2023-03-28 11:36:53,2023-03-28 20:55:04
"8",52,124354.23692705,488811.226272794,118,2023-03-28 11:36:53,2023-03-28 20:55:04
"9",97,131728.779873261,476036.612918433,118,2023-03-28 11:36:53,2023-03-28 20:55:04
"10",114,123746.714501813,483450.527960559,118,2023-03-28 11:36:53,2023-03-28 20:55:04
"11",5,128994.455391004,470191.581703125,118,2023-03-28 11:36:53,2023-03-28 20:55:04
"12",4,129052.508142275,470348.652140365,118,2023-03-28 11:36:53,2023-03-28 20:55:04
"13",25,108362.329859654,502224.39477356,118,2023-03-28 11:36:53,2023-03-28 20:55:04
"14",89,134042.993578458,473813.812425521,118,2023-03-28 11:36:53,2023-03-28 20:55:04
"15",73,114270.733426641,474344.879260546,118,2023-03-28 11:36:53,2023-03-28 20:55:04
"16",1,127087.6930794,476514.69522573,118,2023-03-28 11:36:53,2023-03-28 20:55:04
"17",2,128235.143350243,473680.152062823,118,2023-03-28 11:36:53,2023-03-28 20:55:04
"18",81,113313.350901982,501738.18796606,118,2023-03-28 11:36:53,2023-03-28 20:55:04
"19",30,105365.087435017,502140.901382715,118,2023-03-28 11:36:53,2023-03-28 20:55:04
"20",137,98973.0892477795,474291.336279627,118,2023-03-28 11:36:53,2023-03-28 20:55:04
"1",13,104213.627846317,498155.562001144,117,2023-03-28 11:36:58,2023-03-28 21:15:06
"2",1,127087.718975551,476514.558697879,117,2023-03-28 11:36:58,2023-03-28 21:15:06
"3",114,123746.716155461,483450.940466488,117,2023-03-28 11:36:58,2023-03-28 21:15:06
"4",2,128235.09578624,473682.592133578,117,2023-03-28 11:36:58,2023-03-28 21:15:06
"5",134,98971.8085531125,476112.961993183,117,2023-03-28 11:36:58,2023-03-28 21:15:06
"6",115,122994.68454303,483239.649651742,117,2023-03-28 11:36:58,2023-03-28 21:15:06
"7",81,113313.349465479,501741.659107733,117,2023-03-28 11:36:58,2023-03-28 21:15:06
"8",56,138444.350906566,469486.392387662,117,2023-03-28 11:36:58,2023-03-28 21:15:06
"9",30,105365.052979961,502139.363179369,117,2023-03-28 11:36:58,2023-03-28 21:15:06
"10",124,106786.666391015,505683.947729931,117,2023-03-28 11:36:58,2023-03-28 21:15:06
"11",4,129052.520579027,470346.447153949,117,2023-03-28 11:36:58,2023-03-28 21:15:06
"12",85,136803.459267541,475490.537838429,117,2023-03-28 11:36:58,2023-03-28 21:15:06
"13",52,124354.30981014,488810.537218774,117,2023-03-28 11:36:58,2023-03-28 21:15:06
"14",71,136791.587813374,474547.512490063,117,2023-03-28 11:36:58,2023-03-28 21:15:06
"15",137,98973.1420397152,474291.921001387,117,2023-03-28 11:36:58,2023-03-28 21:15:06
"16",25,108362.309109994,502220.850299129,117,2023-03-28 11:36:58,2023-03-28 21:15:06
"17",89,134043.021703468,473814.370201123,117,2023-03-28 11:36:58,2023-03-28 21:15:06
"18",5,128994.4113819,470186.928632511,117,2023-03-28 11:36:58,2023-03-28 21:15:06
"19",73,114270.695671436,474343.070598768,117,2023-03-28 11:36:58,2023-03-28 21:15:06
"20",72,136252.263710111,468996.444516327,117,2023-03-28 11:36:58,2023-03-28 21:15:06
"21",96,138160.771611951,467513.086537299,117,2023-03-28 11:36:58,2023-03-28 21:15:06
"1",25,108362.337382784,502222.783628731,116,2023-03-28 11:36:59,2023-03-28 22:02:24
"2",13,104213.609572523,498151.101176327,116,2023-03-28 11:36:59,2023-03-28 22:02:24
"3",124,106786.680824768,505683.157823598,116,2023-03-28 11:36:59,2023-03-28 22:02:24
"4",5,128994.47122068,470189.623146512,116,2023-03-28 11:36:59,2023-03-28 22:02:24
"5",114,123746.653293283,483454.410142544,116,2023-03-28 11:36:59,2023-03-28 22:02:24
"6",115,122994.679957194,483238.233429837,116,2023-03-28 11:36:59,2023-03-28 22:02:24
"7",137,98973.1014871428,474290.928216427,116,2023-03-28 11:36:59,2023-03-28 22:02:24
"8",81,113313.357440173,501743.489245416,116,2023-03-28 11:36:59,2023-03-28 22:02:24
"9",85,136803.486454649,475487.944645488,116,2023-03-28 11:36:59,2023-03-28 22:02:24
"10",72,136252.289590013,468995.728035863,116,2023-03-28 11:36:59,2023-03-28 22:02:24
"11",1,127087.676924576,476511.343038606,116,2023-03-28 11:36:59,2023-03-28 22:02:24
"12",58,121575.629046534,478546.482883287,116,2023-03-28 11:36:59,2023-03-28 22:02:24
"13",4,129052.466727968,470346.400145743,116,2023-03-28 11:36:59,2023-03-28 22:02:24
"14",52,124354.290707051,488816.878878334,116,2023-03-28 11:36:59,2023-03-28 22:02:24
"15",71,136791.667437444,474552.690799321,116,2023-03-28 11:36:59,2023-03-28 22:02:24
"16",2,128235.102524878,473684.809162057,116,2023-03-28 11:36:59,2023-03-28 22:02:24
"17",30,105365.109137421,502139.480245546,116,2023-03-28 11:36:59,2023-03-28 22:02:24
"18",89,134043.010019802,473817.700434475,116,2023-03-28 11:36:59,2023-03-28 22:02:24
"19",134,98971.8619475694,476110.481525879,116,2023-03-28 11:36:59,2023-03-28 22:02:24
"20",73,114270.733693129,474340.148402887,116,2023-03-28 11:36:59,2023-03-28 22:02:24
"21",33,140344.16556732,475623.860736253,116,2023-03-28 11:36:59,2023-03-28 22:02:24
"22",86,140161.259257856,472431.687207746,116,2023-03-28 11:36:59,2023-03-28 22:02:24
"1",4,129052.497648172,470344.145470129,114,2023-03-28 11:37:17,2023-03-28 22:26:22
"2",33,140344.096740082,475622.266934809,114,2023-03-28 11:37:17,2023-03-28 22:26:22
"3",1,127087.735780447,476513.129423053,114,2023-03-28 11:37:17,2023-03-28 22:26:22
"4",124,106786.59314188,505685.392470022,114,2023-03-28 11:37:17,2023-03-28 22:26:22
"5",89,134043.058135869,473818.910461079,114,2023-03-28 11:37:17,2023-03-28 22:26:22
"6",2,128235.101472645,473683.337531884,114,2023-03-28 11:37:17,2023-03-28 22:26:22
"7",61,116364.659247532,474669.248906342,114,2023-03-28 11:37:17,2023-03-28 22:26:22
"8",134,98971.8706451496,476114.025258312,114,2023-03-28 11:37:17,2023-03-28 22:26:22
"9",13,104213.649950073,498153.016068757,114,2023-03-28 11:37:17,2023-03-28 22:26:22
"10",25,108362.238919458,502227.03508683,114,2023-03-28 11:37:17,2023-03-28 22:26:22
"11",85,136803.396159286,475490.405630846,114,2023-03-28 11:37:17,2023-03-28 22:26:22
"12",5,128994.402127269,470185.716467462,114,2023-03-28 11:37:17,2023-03-28 22:26:22
"13",97,131728.753763726,476038.794126261,114,2023-03-28 11:37:17,2023-03-28 22:26:22
"14",30,105365.047551117,502140.696829466,114,2023-03-28 11:37:17,2023-03-28 22:26:22
"15",72,136252.217972472,468995.229588676,114,2023-03-28 11:37:17,2023-03-28 22:26:22
"16",114,123746.644685455,483450.070709991,114,2023-03-28 11:37:17,2023-03-28 22:26:22
"17",58,121575.589568027,478547.423409568,114,2023-03-28 11:37:17,2023-03-28 22:26:22
"18",41,115267.828235927,473291.44329649,114,2023-03-28 11:37:17,2023-03-28 22:26:22
"19",52,124354.325268199,488816.244262988,114,2023-03-28 11:37:17,2023-03-28 22:26:22
"20",115,122994.772198816,483236.655374607,114,2023-03-28 11:37:17,2023-03-28 22:26:22
"21",46,115157.39617657,475006.180131625,114,2023-03-28 11:37:17,2023-03-28 22:26:22
"22",73,114270.732810941,474341.489501381,114,2023-03-28 11:37:17,2023-03-28 22:26:22
"23",137,98973.1361286593,474292.075671986,114,2023-03-28 11:37:17,2023-03-28 22:26:22
"24",81,113313.385838144,501740.78576067,114,2023-03-28 11:37:17,2023-03-28 22:26:22
"1",137,98973.0680093001,474292.683842754,115,2023-03-28 11:36:58,2023-03-28 22:27:05
"2",89,134043.046422632,473816.489224404,115,2023-03-28 11:36:58,2023-03-28 22:27:05
"3",33,140344.172923228,475624.396835394,115,2023-03-28 11:36:58,2023-03-28 22:27:05
"4",124,106786.637902323,505687.071511905,115,2023-03-28 11:36:58,2023-03-28 22:27:05
"5",5,128994.444521329,470191.383648862,115,2023-03-28 11:36:58,2023-03-28 22:27:05
"6",4,129052.463846237,470345.159904685,115,2023-03-28 11:36:58,2023-03-28 22:27:05
"7",25,108362.234602691,502223.266233491,115,2023-03-28 11:36:58,2023-03-28 22:27:05
"8",46,115157.421410192,475005.708278671,115,2023-03-28 11:36:58,2023-03-28 22:27:05
"9",98,106504.915765427,498134.314549155,115,2023-03-28 11:36:58,2023-03-28 22:27:05
"10",81,113313.355799424,501741.629958807,115,2023-03-28 11:36:58,2023-03-28 22:27:05
"11",71,136791.661211345,474548.48404414,115,2023-03-28 11:36:58,2023-03-28 22:27:05
"12",30,105365.120675974,502142.581013541,115,2023-03-28 11:36:58,2023-03-28 22:27:05
"13",13,104213.664557042,498155.622949394,115,2023-03-28 11:36:58,2023-03-28 22:27:05
"14",72,136252.256878806,468990.979394935,115,2023-03-28 11:36:58,2023-03-28 22:27:05
"15",85,136803.484728785,475489.111035889,115,2023-03-28 11:36:58,2023-03-28 22:27:05
"16",114,123746.627638177,483451.308780372,115,2023-03-28 11:36:58,2023-03-28 22:27:05
"17",1,127087.67872621,476514.541537394,115,2023-03-28 11:36:58,2023-03-28 22:27:05
"18",73,114270.643724398,474345.405479001,115,2023-03-28 11:36:58,2023-03-28 22:27:05
"19",2,128235.076531998,473681.154275459,115,2023-03-28 11:36:58,2023-03-28 22:27:05
"20",52,124354.287403219,488813.245308817,115,2023-03-28 11:36:58,2023-03-28 22:27:05
"21",86,140161.294306318,472429.757282993,115,2023-03-28 11:36:58,2023-03-28 22:27:05
"22",134,98971.8619711291,476112.67275027,115,2023-03-28 11:36:58,2023-03-28 22:27:05
"23",115,122994.666832078,483240.802503455,115,2023-03-28 11:36:58,2023-03-28 22:27:05
"1",25,108362.314977737,502223.31667603,113,2023-03-28 11:37:34,2023-03-28 22:52:21
"2",89,134043.051931616,473819.473352018,113,2023-03-28 11:37:34,2023-03-28 22:52:21
"3",137,98973.1470421465,474291.10916975,113,2023-03-28 11:37:34,2023-03-28 22:52:21
"4",81,113313.437290966,501741.315286465,113,2023-03-28 11:37:34,2023-03-28 22:52:21
"5",52,124354.242733741,488815.194096721,113,2023-03-28 11:37:34,2023-03-28 22:52:21
"6",114,123746.710501668,483454.674785653,113,2023-03-28 11:37:34,2023-03-28 22:52:21
"7",61,116364.624343365,474670.011340054,113,2023-03-28 11:37:34,2023-03-28 22:52:21
"8",1,127087.721178473,476511.983947932,113,2023-03-28 11:37:34,2023-03-28 22:52:21
"9",96,138160.716580689,467514.015069875,113,2023-03-28 11:37:34,2023-03-28 22:52:21
"10",5,128994.490000532,470185.661263004,113,2023-03-28 11:37:34,2023-03-28 22:52:21
"11",106,127505.304762324,482716.846773565,113,2023-03-28 11:37:34,2023-03-28 22:52:21
"12",73,114270.681701446,474340.995002638,113,2023-03-28 11:37:34,2023-03-28 22:52:21
"13",41,115267.889060951,473294.818347925,113,2023-03-28 11:37:34,2023-03-28 22:52:21
"14",124,106786.596576159,505686.19723459,113,2023-03-28 11:37:34,2023-03-28 22:52:21
"15",58,121575.55502756,478550.42582305,113,2023-03-28 11:37:34,2023-03-28 22:52:21
"16",45,113924.678631099,475967.853125161,113,2023-03-28 11:37:34,2023-03-28 22:52:21
"17",115,122994.689252117,483237.819580298,113,2023-03-28 11:37:34,2023-03-28 22:52:21
"18",46,115157.344101601,475005.255599506,113,2023-03-28 11:37:34,2023-03-28 22:52:21
"19",2,128235.156150222,473680.478706357,113,2023-03-28 11:37:34,2023-03-28 22:52:21
"20",13,104213.66029199,498155.911434787,113,2023-03-28 11:37:34,2023-03-28 22:52:21
"21",30,105365.043593049,502139.312340714,113,2023-03-28 11:37:34,2023-03-28 22:52:21
"22",71,136791.662799997,474548.868211877,113,2023-03-28 11:37:34,2023-03-28 22:52:21
"23",4,129052.482463841,470346.765970829,113,2023-03-28 11:37:34,2023-03-28 22:52:21
"24",85,136803.485746115,475488.353725359,113,2023-03-28 11:37:34,2023-03-28 22:52:21
"25",134,98971.8823674951,476112.910685245,113,2023-03-28 11:37:34,2023-03-28 22:52:21
"1",46,115157.416984603,475003.407910007,112,2023-03-28 11:37:01,2023-03-28 23:50:02
"2",85,136803.418031539,475485.570441506,112,2023-03-28 11:37:01,2023-03-28 23:50:02
"3",61,116364.627320458,474673.660352961,112,2023-03-28 11:37:01,2023-03-28 23:50:02
"4",124,106786.653163817,505685.037906477,112,2023-03-28 11:37:01,2023-03-28 23:50:02
"5",115,122994.766497347,483235.837833316,112,2023-03-28 11:37:01,2023-03-28 23:50:02
"6",33,140344.15924374,475623.585887968,112,2023-03-28 11:37:01,2023-03-28 23:50:02
"7",97,131728.73105369,476039.067232172,112,2023-03-28 11:37:01,2023-03-28 23:50:02
"8",1,127087.646623109,476510.363501065,112,2023-03-28 11:37:01,2023-03-28 23:50:02
"9",41,115267.846323381,473288.676918784,112,2023-03-28 11:37:01,2023-03-28 23:50:02
"10",52,124354.236479949,488813.803061579,112,2023-03-28 11:37:01,2023-03-28 23:50:02
"11",96,138160.734622569,467510.65798929,112,2023-03-28 11:37:01,2023-03-28 23:50:02
"12",5,128994.418917683,470187.083504834,112,2023-03-28 11:37:01,2023-03-28 23:50:02
"13",114,123746.707623533,483453.437044854,112,2023-03-28 11:37:01,2023-03-28 23:50:02
"14",139,140736.760503804,484413.943954397,112,2023-03-28 11:37:01,2023-03-28 23:50:02
"15",45,113924.64316187,475971.207893611,112,2023-03-28 11:37:01,2023-03-28 23:50:02
"16",2,128235.078929182,473685.261533303,112,2023-03-28 11:37:01,2023-03-28 23:50:02
"17",106,127505.323041207,482713.929308718,112,2023-03-28 11:37:01,2023-03-28 23:50:02
"18",73,114270.627494304,474344.679677325,112,2023-03-28 11:37:01,2023-03-28 23:50:02
"19",89,134043.021389481,473818.849549402,112,2023-03-28 11:37:01,2023-03-28 23:50:02
"20",30,105365.073309523,502140.950698658,112,2023-03-28 11:37:01,2023-03-28 23:50:02
"21",4,129052.574445698,470347.696226764,112,2023-03-28 11:37:01,2023-03-28 23:50:02
"22",81,113313.410075991,501742.657678147,112,2023-03-28 11:37:01,2023-03-28 23:50:02
"23",58,121575.550230662,478547.262533039,112,2023-03-28 11:37:01,2023-03-28 23:50:02
"24",134,98971.7836376512,476112.987073379,112,2023-03-28 11:37:01,2023-03-28 23:50:02
"25",13,104213.708513274,498151.163130597,112,2023-03-28 11:37:01,2023-03-28 23:50:02
"26",25,108362.293785286,502221.675914043,112,2023-03-28 11:37:01,2023-03-28 23:50:02
"1",4,129052.5085535,470348.666991152,111,2023-03-28 11:37:01,2023-03-28 23:51:25
"2",7,141028.656019624,486088.291183951,111,2023-03-28 11:37:01,2023-03-28 23:51:25
"3",41,115267.824758644,473292.201106233,111,2023-03-28 11:37:01,2023-03-28 23:51:25
"4",89,134043.053851343,473815.497904836,111,2023-03-28 11:37:01,2023-03-28 23:51:25
"5",134,98971.8073323603,476108.600678434,111,2023-03-28 11:37:01,2023-03-28 23:51:25
"6",25,108362.316332898,502221.9193758,111,2023-03-28 11:37:01,2023-03-28 23:51:25
"7",115,122994.771050585,483235.53654503,111,2023-03-28 11:37:01,2023-03-28 23:51:25
"8",139,140736.781370334,484409.071822769,111,2023-03-28 11:37:01,2023-03-28 23:51:25
"9",45,113924.661393223,475973.281507603,111,2023-03-28 11:37:01,2023-03-28 23:51:25
"10",52,124354.256424739,488812.768923474,111,2023-03-28 11:37:01,2023-03-28 23:51:25
"11",97,131728.832474237,476036.914609715,111,2023-03-28 11:37:01,2023-03-28 23:51:25
"12",124,106786.659473962,505688.274116477,111,2023-03-28 11:37:01,2023-03-28 23:51:25
"13",114,123746.671952862,483453.68179451,111,2023-03-28 11:37:01,2023-03-28 23:51:25
"14",61,116364.719125516,474674.994387483,111,2023-03-28 11:37:01,2023-03-28 23:51:25
"15",73,114270.6836819,474341.500475065,111,2023-03-28 11:37:01,2023-03-28 23:51:25
"16",46,115157.34746635,474999.980894874,111,2023-03-28 11:37:01,2023-03-28 23:51:25
"17",5,128994.484318883,470188.695996961,111,2023-03-28 11:37:01,2023-03-28 23:51:25
"18",2,128235.130783556,473684.79648378,111,2023-03-28 11:37:01,2023-03-28 23:51:25
"19",98,106504.846348214,498135.358834827,111,2023-03-28 11:37:01,2023-03-28 23:51:25
"20",33,140344.121094783,475619.22840786,111,2023-03-28 11:37:01,2023-03-28 23:51:25
"21",13,104213.694419987,498153.510111573,111,2023-03-28 11:37:01,2023-03-28 23:51:25
"22",106,127505.306049426,482716.102734688,111,2023-03-28 11:37:01,2023-03-28 23:51:25
"23",30,105365.024575224,502142.334792195,111,2023-03-28 11:37:01,2023-03-28 23:51:25
"24",1,127087.670053392,476510.311796225,111,2023-03-28 11:37:01,2023-03-28 23:51:25
"25",58,121575.641600792,478545.572542361,111,2023-03-28 11:37:01,2023-03-28 23:51:25
"26",81,113313.364302403,501744.43549054,111,2023-03-28 11:37:01,2023-03-28 23:51:25
"27",85,136803.47192191,475490.26553284,111,2023-03-28 11:37:01,2023-03-28 23:51:25
"1",32,106438.395720509,484878.55728044,127,2023-03-29 09:46:40,2023-03-29 09:49:21
"2",43,112553.706710699,489826.130600167,127,2023-03-29 09:46:40,2023-03-29 09:49:21
"3",91,129423.641403885,483620.648484356,127,2023-03-29 09:46:40,2023-03-29 09:49:21
"4",99,110736.031049939,477319.402318004,127,2023-03-29 09:46:40,2023-03-29 09:49:21
"5",123,118314.528996843,507054.973913548,127,2023-03-29 09:46:40,2023-03-29 09:49:21
"6",50,119091.910030145,488445.010325737,127,2023-03-29 09:46:40,2023-03-29 09:49:21
"7",134,98971.8508457375,476111.440548605,127,2023-03-29 09:46:40,2023-03-29 09:49:21
"8",46,115157.34223422,475002.114831212,127,2023-03-29 09:46:40,2023-03-29 09:49:21
"9",43,112553.782911405,489824.958700766,127,2023-03-29 09:46:40,2023-03-29 09:49:21
"10",54,108909.191793444,479004.84620461,127,2023-03-29 09:46:40,2023-03-29 09:49:21
"11",126,142342.63027529,486082.571120972,127,2023-03-29 09:46:40,2023-03-29 09:49:21
"1",86,140161.25583981,472429.323926622,124,2023-03-29 09:46:40,2023-03-29 09:49:34
"2",42,113935.628284769,486027.403000258,124,2023-03-29 09:46:40,2023-03-29 09:49:34
"3",38,114646.435287892,484057.844706824,124,2023-03-29 09:46:40,2023-03-29 09:49:34
"4",74,107022.855337095,478439.962531366,124,2023-03-29 09:46:40,2023-03-29 09:49:34
"5",15,112619.621823382,485884.540602303,124,2023-03-29 09:46:40,2023-03-29 09:49:34
"6",55,123536.538928227,488607.346938584,124,2023-03-29 09:46:40,2023-03-29 09:49:34
"7",1,127087.71399405,476514.381897328,124,2023-03-29 09:46:40,2023-03-29 09:49:34
"8",16,123447.042379848,482206.696512844,124,2023-03-29 09:46:40,2023-03-29 09:49:34
"9",57,112519.246441932,484595.104375933,124,2023-03-29 09:46:40,2023-03-29 09:49:34
"10",17,102700.352033982,474173.479739303,124,2023-03-29 09:46:40,2023-03-29 09:49:34
"11",7,141028.55912376,486089.742247553,124,2023-03-29 09:46:40,2023-03-29 09:49:34
"12",96,138160.757142983,467512.280585083,124,2023-03-29 09:46:40,2023-03-29 09:49:34
"13",130,98056.4721292264,479364.622872327,124,2023-03-29 09:46:40,2023-03-29 09:49:34
"14",60,118032.774162983,483975.173834727,124,2023-03-29 09:46:40,2023-03-29 09:49:34
"1",42,113935.623796362,486023.065975601,120,2023-03-29 09:46:40,2023-03-29 09:50:17
"2",33,140344.15813792,475621.404649153,120,2023-03-29 09:46:40,2023-03-29 09:50:17
"3",119,117014.581321551,489446.38787347,120,2023-03-29 09:46:40,2023-03-29 09:50:17
"4",13,104213.635379643,498150.676177644,120,2023-03-29 09:46:40,2023-03-29 09:50:17
"5",52,124354.232656832,488811.999609776,120,2023-03-29 09:46:40,2023-03-29 09:50:17
"6",30,105365.134783615,502137.53573222,120,2023-03-29 09:46:40,2023-03-29 09:50:17
"7",68,116544.244957191,497963.979617983,120,2023-03-29 09:46:40,2023-03-29 09:50:17
"8",43,112553.70012677,489826.559106789,120,2023-03-29 09:46:40,2023-03-29 09:50:17
"9",21,113217.618342729,474648.200868325,120,2023-03-29 09:46:40,2023-03-29 09:50:17
"10",125,105873.41679716,508217.716990535,120,2023-03-29 09:46:40,2023-03-29 09:50:17
"11",47,108323.293741935,476963.512065622,120,2023-03-29 09:46:40,2023-03-29 09:50:17
"12",49,119512.169137789,488151.864739753,120,2023-03-29 09:46:40,2023-03-29 09:50:17
"13",5,128994.407623109,470186.172919523,120,2023-03-29 09:46:40,2023-03-29 09:50:17
"14",119,117014.597699879,489442.366451744,120,2023-03-29 09:46:40,2023-03-29 09:50:17
"15",116,119918.176683762,491752.572678993,120,2023-03-29 09:46:40,2023-03-29 09:50:17
"16",1,127087.712299538,476513.527960672,120,2023-03-29 09:46:40,2023-03-29 09:50:17
"17",27,107658.11665806,477593.421703549,120,2023-03-29 09:46:40,2023-03-29 09:50:17
"18",66,119329.843041304,494063.332146679,120,2023-03-29 09:46:40,2023-03-29 09:50:17
"1",69,113137.969034449,473097.261332231,136,2023-03-29 09:46:39,2023-03-29 10:19:58
"2",25,108362.321471802,502225.324749489,136,2023-03-29 09:46:39,2023-03-29 10:19:58
"1",73,114270.639676896,474343.674731477,135,2023-03-29 09:46:41,2023-03-29 11:14:40
"2",133,100298.656582039,478271.100352713,135,2023-03-29 09:46:41,2023-03-29 11:14:40
"3",13,104213.71959133,498152.672535436,135,2023-03-29 09:46:41,2023-03-29 11:14:40
"1",39,128446.30364365,493849.705890268,134,2023-03-29 09:46:41,2023-03-29 11:39:42
"2",33,140344.195707931,475622.729311128,134,2023-03-29 09:46:41,2023-03-29 11:39:42
"3",69,113137.900968926,473098.569935266,134,2023-03-29 09:46:41,2023-03-29 11:39:42
"4",134,98971.7810661299,476108.038675381,134,2023-03-29 09:46:41,2023-03-29 11:39:42
"1",114,123746.60656978,483455.685876717,132,2023-03-29 09:46:41,2023-03-29 12:18:55
"2",13,104213.687217716,498153.936616379,132,2023-03-29 09:46:41,2023-03-29 12:18:55
"3",136,100415.24713329,479518.532586299,132,2023-03-29 09:46:41,2023-03-29 12:18:55
"4",25,108362.293638617,502224.804708413,132,2023-03-29 09:46:41,2023-03-29 12:18:55
"5",69,113137.883476951,473095.984115013,132,2023-03-29 09:46:41,2023-03-29 12:18:55
"6",115,122994.694473194,483239.694577869,132,2023-03-29 09:46:41,2023-03-29 12:18:55
"1",134,98971.853585496,476111.938219032,133,2023-03-29 09:46:40,2023-03-29 12:19:53
"2",13,104213.625473484,498151.092709698,133,2023-03-29 09:46:40,2023-03-29 12:19:53
"3",33,140344.196341962,475620.667790896,133,2023-03-29 09:46:40,2023-03-29 12:19:53
"4",69,113137.891898776,473097.038075991,133,2023-03-29 09:46:40,2023-03-29 12:19:53
"5",25,108362.281625714,502223.367735504,133,2023-03-29 09:46:40,2023-03-29 12:19:53
"1",85,136803.442809764,475485.656328362,130,2023-03-29 09:46:40,2023-03-29 12:55:59
"2",134,98971.8716968063,476114.391005936,130,2023-03-29 09:46:40,2023-03-29 12:55:59
"3",71,136791.662868712,474549.911972066,130,2023-03-29 09:46:40,2023-03-29 12:55:59
"4",2,128235.076573839,473680.696439932,130,2023-03-29 09:46:40,2023-03-29 12:55:59
"5",1,127087.720186195,476510.803376806,130,2023-03-29 09:46:40,2023-03-29 12:55:59
"6",13,104213.612370204,498155.476048365,130,2023-03-29 09:46:40,2023-03-29 12:55:59
"7",73,114270.714667608,474345.155607073,130,2023-03-29 09:46:40,2023-03-29 12:55:59
"8",124,106786.667823646,505684.080579955,130,2023-03-29 09:46:40,2023-03-29 12:55:59
"1",1,127087.655098751,476508.959748226,129,2023-03-29 09:46:41,2023-03-29 13:20:35
"2",124,106786.640411615,505683.068943767,129,2023-03-29 09:46:41,2023-03-29 13:20:35
"3",33,140344.180163484,475622.024361261,129,2023-03-29 09:46:41,2023-03-29 13:20:35
"4",134,98971.8096640438,476110.948492108,129,2023-03-29 09:46:41,2023-03-29 13:20:35
"5",25,108362.34518709,502226.608949905,129,2023-03-29 09:46:41,2023-03-29 13:20:35
"6",5,128994.410135512,470185.525857925,129,2023-03-29 09:46:41,2023-03-29 13:20:35
"7",73,114270.661570234,474344.905805854,129,2023-03-29 09:46:41,2023-03-29 13:20:35
"8",13,104213.686420682,498151.142824397,129,2023-03-29 09:46:41,2023-03-29 13:20:35
"9",39,128446.283487724,493855.703951217,129,2023-03-29 09:46:41,2023-03-29 13:20:35
"1",85,136803.489635514,475486.991175041,125,2023-03-29 09:46:40,2023-03-29 15:45:12
"2",97,131728.801963886,476038.613289576,125,2023-03-29 09:46:40,2023-03-29 15:45:12
"3",124,106786.688819555,505688.156837548,125,2023-03-29 09:46:40,2023-03-29 15:45:12
"4",1,127087.66389371,476513.615983325,125,2023-03-29 09:46:40,2023-03-29 15:45:12
"5",33,140344.164299433,475621.365801059,125,2023-03-29 09:46:40,2023-03-29 15:45:12
"6",30,105365.084259898,502137.846428231,125,2023-03-29 09:46:40,2023-03-29 15:45:12
"7",133,100298.602697451,478268.085531903,125,2023-03-29 09:46:40,2023-03-29 15:45:12
"8",52,124354.247897849,488813.040053009,125,2023-03-29 09:46:40,2023-03-29 15:45:12
"9",25,108362.287967991,502225.79316471,125,2023-03-29 09:46:40,2023-03-29 15:45:12
"10",13,104213.649858275,498152.729432552,125,2023-03-29 09:46:40,2023-03-29 15:45:12
"11",2,128235.058728795,473685.436125083,125,2023-03-29 09:46:40,2023-03-29 15:45:12
"12",81,113313.420439211,501744.104898279,125,2023-03-29 09:46:40,2023-03-29 15:45:12
"13",73,114270.709677396,474342.686395991,125,2023-03-29 09:46:40,2023-03-29 15:45:12
"1",124,106786.575526442,505685.653935785,131,2023-03-29 09:46:40,2023-03-29 16:44:21
"2",134,98971.7969612673,476108.914797856,131,2023-03-29 09:46:40,2023-03-29 16:44:21
"3",73,114270.726073242,474340.830244206,131,2023-03-29 09:46:40,2023-03-29 16:44:21
"4",13,104213.660840157,498155.9095028,131,2023-03-29 09:46:40,2023-03-29 16:44:21
"5",30,105365.054223103,502137.917612855,131,2023-03-29 09:46:40,2023-03-29 16:44:21
"6",25,108362.270798642,502224.544290815,131,2023-03-29 09:46:40,2023-03-29 16:44:21
"7",33,140344.15134004,475622.811169039,131,2023-03-29 09:46:40,2023-03-29 16:44:21
"1",1,127087.705978815,476513.386615978,128,2023-03-29 09:46:41,2023-03-29 17:33:00
"2",13,104213.705507494,498152.099573486,128,2023-03-29 09:46:41,2023-03-29 17:33:00
"3",30,105365.069553162,502138.908560164,128,2023-03-29 09:46:41,2023-03-29 17:33:00
"4",33,140344.120684818,475622.191080731,128,2023-03-29 09:46:41,2023-03-29 17:33:00
"5",25,108362.322782193,502225.705431796,128,2023-03-29 09:46:41,2023-03-29 17:33:00
"6",52,124354.252067042,488814.370546573,128,2023-03-29 09:46:41,2023-03-29 17:33:00
"7",124,106786.659737778,505685.030064636,128,2023-03-29 09:46:41,2023-03-29 17:33:00
"8",73,114270.712707396,474344.152712054,128,2023-03-29 09:46:41,2023-03-29 17:33:00
"9",134,98971.7899479394,476111.133538886,128,2023-03-29 09:46:41,2023-03-29 17:33:00
"10",2,128235.093998576,473684.824889482,128,2023-03-29 09:46:41,2023-03-29 17:33:00
"1",2,128235.150768337,473684.779747794,122,2023-03-29 09:46:40,2023-03-29 21:34:19
"2",71,136791.694287778,474551.508756332,122,2023-03-29 09:46:40,2023-03-29 21:34:19
"3",5,128994.438769775,470188.759468473,122,2023-03-29 09:46:40,2023-03-29 21:34:19
"4",39,128446.360689982,493853.224282899,122,2023-03-29 09:46:40,2023-03-29 21:34:19
"5",115,122994.663437364,483237.61933128,122,2023-03-29 09:46:40,2023-03-29 21:34:19
"6",25,108362.305318982,502224.834915043,122,2023-03-29 09:46:40,2023-03-29 21:34:19
"7",4,129052.507138627,470345.751259619,122,2023-03-29 09:46:40,2023-03-29 21:34:19
"8",30,105365.030610368,502140.613385283,122,2023-03-29 09:46:40,2023-03-29 21:34:19
"9",134,98971.8892080589,476113.656833734,122,2023-03-29 09:46:40,2023-03-29 21:34:19
"10",114,123746.623326458,483455.786094529,122,2023-03-29 09:46:40,2023-03-29 21:34:19
"11",1,127087.635311826,476512.006787607,122,2023-03-29 09:46:40,2023-03-29 21:34:19
"12",13,104213.6241776,498155.631208345,122,2023-03-29 09:46:40,2023-03-29 21:34:19
"13",124,106786.626524702,505688.139682538,122,2023-03-29 09:46:40,2023-03-29 21:34:19
"14",137,98973.0677120879,474291.883544392,122,2023-03-29 09:46:40,2023-03-29 21:34:19
"15",73,114270.686077145,474340.287760925,122,2023-03-29 09:46:40,2023-03-29 21:34:19
"16",85,136803.510840898,475487.984959164,122,2023-03-29 09:46:40,2023-03-29 21:34:19
"1",1,127087.708697574,476510.149574747,121,2023-03-29 09:46:41,2023-03-29 22:39:32
"2",72,136252.264846291,468992.833878201,121,2023-03-29 09:46:41,2023-03-29 22:39:32
"3",2,128235.157267854,473681.585164444,121,2023-03-29 09:46:41,2023-03-29 22:39:32
"4",71,136791.615992601,474547.702154785,121,2023-03-29 09:46:41,2023-03-29 22:39:32
"5",13,104213.611791568,498153.892133907,121,2023-03-29 09:46:41,2023-03-29 22:39:32
"6",124,106786.648747593,505683.357886332,121,2023-03-29 09:46:41,2023-03-29 22:39:32
"7",89,134043.075065525,473819.2468676,121,2023-03-29 09:46:41,2023-03-29 22:39:32
"8",86,140161.250911022,472429.073455523,121,2023-03-29 09:46:41,2023-03-29 22:39:32
"9",134,98971.8490816108,476110.81451115,121,2023-03-29 09:46:41,2023-03-29 22:39:32
"10",25,108362.278814427,502221.733429331,121,2023-03-29 09:46:41,2023-03-29 22:39:32
"11",52,124354.286564402,488816.090263835,121,2023-03-29 09:46:41,2023-03-29 22:39:32
"12",30,105365.103381095,502141.069252859,121,2023-03-29 09:46:41,2023-03-29 22:39:32
"13",85,136803.443149067,475490.631167884,121,2023-03-29 09:46:41,2023-03-29 22:39:32
"14",115,122994.663278847,483238.543148023,121,2023-03-29 09:46:41,2023-03-29 22:39:32
"15",73,114270.664905442,474340.67648758,121,2023-03-29 09:46:41,2023-03-29 22:39:32
"16",114,123746.686783562,483453.471542175,121,2023-03-29 09:46:41,2023-03-29 22:39:32
"17",33,140344.133895794,475618.228262391,121,2023-03-29 09:46:41,2023-03-29 22:39:32
"1",5,128994.470828814,470186.980437373,116,2023-03-29 09:46:39,2023-03-29 23:15:40
"2",137,98973.1078280419,474293.182120086,116,2023-03-29 09:46:39,2023-03-29 23:15:40
"3",25,108362.336877834,502222.017560303,116,2023-03-29 09:46:39,2023-03-29 23:15:40
"4",4,129052.57574249,470348.20420599,116,2023-03-29 09:46:39,2023-03-29 23:15:40
"5",52,124354.279417725,488812.401294499,116,2023-03-29 09:46:39,2023-03-29 23:15:40
"6",30,105365.028123398,502141.771502906,116,2023-03-29 09:46:39,2023-03-29 23:15:40
"7",98,106504.850548019,498134.999548409,116,2023-03-29 09:46:39,2023-03-29 23:15:40
"8",1,127087.662028731,476511.035098769,116,2023-03-29 09:46:39,2023-03-29 23:15:40
"9",73,114270.729327126,474342.370825329,116,2023-03-29 09:46:39,2023-03-29 23:15:40
"10",72,136252.233614855,468991.855807038,116,2023-03-29 09:46:39,2023-03-29 23:15:40
"11",114,123746.647819571,483450.794418945,116,2023-03-29 09:46:39,2023-03-29 23:15:40
"12",97,131728.816327364,476035.434933821,116,2023-03-29 09:46:39,2023-03-29 23:15:40
"13",33,140344.083217325,475624.49206145,116,2023-03-29 09:46:39,2023-03-29 23:15:40
"14",115,122994.705180958,483235.315307549,116,2023-03-29 09:46:39,2023-03-29 23:15:40
"15",134,98971.84812045,476109.934971919,116,2023-03-29 09:46:39,2023-03-29 23:15:40
"16",124,106786.576494288,505686.856769203,116,2023-03-29 09:46:39,2023-03-29 23:15:40
"17",81,113313.42578071,501740.268651385,116,2023-03-29 09:46:39,2023-03-29 23:15:40
"18",89,134043.072214627,473815.018402619,116,2023-03-29 09:46:39,2023-03-29 23:15:40
"19",2,128235.149780207,473680.840034119,116,2023-03-29 09:46:39,2023-03-29 23:15:40
"20",13,104213.630435843,498155.963102667,116,2023-03-29 09:46:39,2023-03-29 23:15:40
"21",58,121575.622660615,478550.367060182,116,2023-03-29 09:46:39,2023-03-29 23:15:40
"22",85,136803.490630149,475490.685779208,116,2023-03-29 09:46:39,2023-03-29 23:15:40
"1",30,105365.115093291,502139.755475873,126,2023-03-29 09:46:41,2023-03-29 23:48:43
"2",124,106786.627314969,505687.427686595,126,2023-03-29 09:46:41,2023-03-29 23:48:43
"3",134,98971.8840269494,476110.794458495,126,2023-03-29 09:46:41,2023-03-29 23:48:43
"4",85,136803.436898413,475485.317359364,126,2023-03-29 09:46:41,2023-03-29 23:48:43
"5",73,114270.656431921,474345.705667185,126,2023-03-29 09:46:41,2023-03-29 23:48:43
"6",2,128235.092073723,473680.122690254,126,2023-03-29 09:46:41,2023-03-29 23:48:43
"7",13,104213.6828839,498152.12488051,126,2023-03-29 09:46:41,2023-03-29 23:48:43
"8",1,127087.728145369,476512.402123474,126,2023-03-29 09:46:41,2023-03-29 23:48:43
"9",81,113313.335235527,501742.656076677,126,2023-03-29 09:46:41,2023-03-29 23:48:43
"10",71,136791.639893746,474547.967908867,126,2023-03-29 09:46:41,2023-03-29 23:48:43
"11",25,108362.293325203,502226.622800601,126,2023-03-29 09:46:41,2023-03-29 23:48:43
"12",52,124354.297694334,488811.727408631,126,2023-03-29 09:46:41,2023-03-29 23:48:43
"1",124,106786.642438159,505684.794702757,117,2023-03-29 09:46:39,2023-03-30 00:02:45
"2",1,127087.676948157,476508.884416769,117,2023-03-29 09:46:39,2023-03-30 00:02:45
"3",13,104213.605265311,498155.005465931,117,2023-03-29 09:46:39,2023-03-30 00:02:45
"4",114,123746.653082127,483450.54656638,117,2023-03-29 09:46:39,2023-03-30 00:02:45
"5",89,134043.043049779,473813.799972983,117,2023-03-29 09:46:39,2023-03-30 00:02:45
"6",86,140161.302129443,472429.594717539,117,2023-03-29 09:46:39,2023-03-30 00:02:45
"7",5,128994.48841608,470191.715317692,117,2023-03-29 09:46:39,2023-03-30 00:02:45
"8",30,105365.093387436,502142.813099425,117,2023-03-29 09:46:39,2023-03-30 00:02:45
"9",73,114270.686347481,474342.407687303,117,2023-03-29 09:46:39,2023-03-30 00:02:45
"10",72,136252.263467189,468991.881950831,117,2023-03-29 09:46:39,2023-03-30 00:02:45
"11",115,122994.690070115,483235.730804771,117,2023-03-29 09:46:39,2023-03-30 00:02:45
"12",33,140344.10638625,475620.935933411,117,2023-03-29 09:46:39,2023-03-30 00:02:45
"13",81,113313.441886919,501744.645858496,117,2023-03-29 09:46:39,2023-03-30 00:02:45
"14",71,136791.66539317,474548.373588776,117,2023-03-29 09:46:39,2023-03-30 00:02:45
"15",58,121575.623465661,478550.972148331,117,2023-03-29 09:46:39,2023-03-30 00:02:45
"16",2,128235.122989722,473685.255674157,117,2023-03-29 09:46:39,2023-03-30 00:02:45
"17",134,98971.8511217999,476111.574124745,117,2023-03-29 09:46:39,2023-03-30 00:02:45
"18",85,136803.486773895,475486.661125089,117,2023-03-29 09:46:39,2023-03-30 00:02:45
"19",25,108362.347554413,502220.818450214,117,2023-03-29 09:46:39,2023-03-30 00:02:45
"20",4,129052.528946055,470347.000263254,117,2023-03-29 09:46:39,2023-03-30 00:02:45
"21",52,124354.345553123,488814.582908666,117,2023-03-29 09:46:39,2023-03-30 00:02:45
"1",81,113313.375705342,501741.8486708,123,2023-03-29 09:46:40,2023-03-30 00:06:49
"2",52,124354.255918627,488812.863077381,123,2023-03-29 09:46:40,2023-03-30 00:06:49
"3",25,108362.246940693,502225.773778423,123,2023-03-29 09:46:40,2023-03-30 00:06:49
"4",114,123746.661061157,483454.375526927,123,2023-03-29 09:46:40,2023-03-30 00:06:49
"5",124,106786.594709754,505683.66292741,123,2023-03-29 09:46:40,2023-03-30 00:06:49
"6",73,114270.701618612,474345.049811321,123,2023-03-29 09:46:40,2023-03-30 00:06:49
"7",1,127087.720916834,476512.942688225,123,2023-03-29 09:46:40,2023-03-30 00:06:49
"8",5,128994.492343419,470185.783304225,123,2023-03-29 09:46:40,2023-03-30 00:06:49
"9",30,105365.127503635,502141.623361823,123,2023-03-29 09:46:40,2023-03-30 00:06:49
"10",134,98971.8181807901,476109.151881813,123,2023-03-29 09:46:40,2023-03-30 00:06:49
"11",13,104213.685371486,498156.87251069,123,2023-03-29 09:46:40,2023-03-30 00:06:49
"12",137,98973.141858356,474293.41649592,123,2023-03-29 09:46:40,2023-03-30 00:06:49
"13",33,140344.199247287,475623.6809924,123,2023-03-29 09:46:40,2023-03-30 00:06:49
"14",2,128235.11634173,473685.057314394,123,2023-03-29 09:46:40,2023-03-30 00:06:49
"15",115,122994.752832568,483235.590166972,123,2023-03-29 09:46:40,2023-03-30 00:06:49
"1",2,128235.152589111,473684.908046464,115,2023-03-29 09:46:40,2023-03-30 00:17:36
"2",41,115267.869656492,473288.754930291,115,2023-03-29 09:46:40,2023-03-30 00:17:36
"3",124,106786.635865997,505687.184053971,115,2023-03-29 09:46:40,2023-03-30 00:17:36
"4",134,98971.8284991561,476110.498792952,115,2023-03-29 09:46:40,2023-03-30 00:17:36
"5",58,121575.54145129,478550.579323341,115,2023-03-29 09:46:40,2023-03-30 00:17:36
"6",46,115157.42002805,475002.001016101,115,2023-03-29 09:46:40,2023-03-30 00:17:36
"7",137,98973.1425504367,474292.103621627,115,2023-03-29 09:46:40,2023-03-30 00:17:36
"8",30,105365.0451692,502140.086500169,115,2023-03-29 09:46:40,2023-03-30 00:17:36
"9",4,129052.508256039,470347.203577507,115,2023-03-29 09:46:40,2023-03-30 00:17:36
"10",97,131728.834921954,476037.372450791,115,2023-03-29 09:46:40,2023-03-30 00:17:36
"11",25,108362.274963183,502223.790433992,115,2023-03-29 09:46:40,2023-03-30 00:17:36
"12",73,114270.666783481,474344.602575141,115,2023-03-29 09:46:40,2023-03-30 00:17:36
"13",114,123746.706778708,483452.756385631,115,2023-03-29 09:46:40,2023-03-30 00:17:36
"14",85,136803.420969985,475488.584131244,115,2023-03-29 09:46:40,2023-03-30 00:17:36
"15",1,127087.719697165,476512.780296048,115,2023-03-29 09:46:40,2023-03-30 00:17:36
"16",52,124354.316132599,488815.14731315,115,2023-03-29 09:46:40,2023-03-30 00:17:36
"17",33,140344.103033295,475623.264998075,115,2023-03-29 09:46:40,2023-03-30 00:17:36
"18",89,134043.09871956,473817.742315045,115,2023-03-29 09:46:40,2023-03-30 00:17:36
"19",5,128994.437339383,470191.70845462,115,2023-03-29 09:46:40,2023-03-30 00:17:36
"20",115,122994.687519081,483240.704369795,115,2023-03-29 09:46:40,2023-03-30 00:17:36
"21",81,113313.429794543,501743.299467796,115,2023-03-29 09:46:40,2023-03-30 00:17:36
"22",106,127505.331655791,482720.219364931,115,2023-03-29 09:46:40,2023-03-30 00:17:36
"23",13,104213.634578098,498155.657224342,115,2023-03-29 09:46:40,2023-03-30 00:17:36
"1",115,122994.74279742,483237.416303369,114,2023-03-29 09:46:39,2023-03-30 01:30:47
"2",71,136791.604118133,474552.701846635,114,2023-03-29 09:46:39,2023-03-30 01:30:47
"3",58,121575.574309541,478549.77225573,114,2023-03-29 09:46:39,2023-03-30 01:30:47
"4",25,108362.259507427,502220.905220232,114,2023-03-29 09:46:39,2023-03-30 01:30:47
"5",30,105365.093511649,502140.724174524,114,2023-03-29 09:46:39,2023-03-30 01:30:47
"6",33,140344.158079529,475624.067529712,114,2023-03-29 09:46:39,2023-03-30 01:30:47
"7",85,136803.418402127,475484.632919546,114,2023-03-29 09:46:39,2023-03-30 01:30:47
"8",96,138160.738621141,467509.083197013,114,2023-03-29 09:46:39,2023-03-30 01:30:47
"9",137,98973.0543438434,474289.394766954,114,2023-03-29 09:46:39,2023-03-30 01:30:47
"10",72,136252.238219765,468994.925731145,114,2023-03-29 09:46:39,2023-03-30 01:30:47
"11",86,140161.249660952,472432.240049808,114,2023-03-29 09:46:39,2023-03-30 01:30:47
"12",1,127087.652977324,476514.370911101,114,2023-03-29 09:46:39,2023-03-30 01:30:47
"13",124,106786.677570035,505684.126873397,114,2023-03-29 09:46:39,2023-03-30 01:30:47
"14",89,134043.012489695,473813.877029512,114,2023-03-29 09:46:39,2023-03-30 01:30:47
"15",56,138444.399974319,469482.125050372,114,2023-03-29 09:46:39,2023-03-30 01:30:47
"16",134,98971.8005495234,476114.245052138,114,2023-03-29 09:46:39,2023-03-30 01:30:47
"17",114,123746.675873577,483453.330700259,114,2023-03-29 09:46:39,2023-03-30 01:30:47
"18",2,128235.062175494,473685.345844661,114,2023-03-29 09:46:39,2023-03-30 01:30:47
"19",73,114270.638190541,474345.340139202,114,2023-03-29 09:46:39,2023-03-30 01:30:47
"20",5,128994.433153266,470186.386146947,114,2023-03-29 09:46:39,2023-03-30 01:30:47
"21",4,129052.538825638,470348.418199834,114,2023-03-29 09:46:39,2023-03-30 01:30:47
"22",52,124354.266868698,488816.473555899,114,2023-03-29 09:46:39,2023-03-30 01:30:47
"23",81,113313.431138422,501741.459476345,114,2023-03-29 09:46:39,2023-03-30 01:30:47
"24",13,104213.657913954,498152.12829356,114,2023-03-29 09:46:39,2023-03-30 01:30:47
"1",41,115267.888938446,473291.451470151,113,2023-03-29 09:46:41,2023-03-30 02:20:01
"2",2,128235.115263613,473679.567373337,113,2023-03-29 09:46:41,2023-03-30 02:20:01
"3",85,136803.490423088,475489.450097475,113,2023-03-29 09:46:41,2023-03-30 02:20:01
"4",4,129052.511704555,470348.547841673,113,2023-03-29 09:46:41,2023-03-30 02:20:01
"5",137,98973.1459580692,474289.96871984,113,2023-03-29 09:46:41,2023-03-30 02:20:01
"6",71,136791.630563131,474547.527994567,113,2023-03-29 09:46:41,2023-03-30 02:20:01
"7",89,134043.02506677,473819.313273498,113,2023-03-29 09:46:41,2023-03-30 02:20:01
"8",56,138444.400005843,469480.672155375,113,2023-03-29 09:46:41,2023-03-30 02:20:01
"9",1,127087.697592009,476509.476282456,113,2023-03-29 09:46:41,2023-03-30 02:20:01
"10",58,121575.648180167,478547.308433024,113,2023-03-29 09:46:41,2023-03-30 02:20:01
"11",114,123746.712699701,483451.272977489,113,2023-03-29 09:46:41,2023-03-30 02:20:01
"12",13,104213.65277919,498152.883200178,113,2023-03-29 09:46:41,2023-03-30 02:20:01
"13",72,136252.311212674,468995.745612313,113,2023-03-29 09:46:41,2023-03-30 02:20:01
"14",96,138160.755704194,467513.956830836,113,2023-03-29 09:46:41,2023-03-30 02:20:01
"15",33,140344.146737408,475620.742109591,113,2023-03-29 09:46:41,2023-03-30 02:20:01
"16",124,106786.603127103,505687.608086759,113,2023-03-29 09:46:41,2023-03-30 02:20:01
"17",30,105365.080587154,502137.868702812,113,2023-03-29 09:46:41,2023-03-30 02:20:01
"18",115,122994.70549363,483236.575124338,113,2023-03-29 09:46:41,2023-03-30 02:20:01
"19",73,114270.726825971,474341.014685559,113,2023-03-29 09:46:41,2023-03-30 02:20:01
"20",52,124354.295583425,488815.204660058,113,2023-03-29 09:46:41,2023-03-30 02:20:01
"21",5,128994.38455036,470190.799768598,113,2023-03-29 09:46:41,2023-03-30 02:20:01
"22",46,115157.41998341,475003.06404246,113,2023-03-29 09:46:41,2023-03-30 02:20:01
"23",25,108362.259881869,502222.710312314,113,2023-03-29 09:46:41,2023-03-30 02:20:01
"24",134,98971.7877312519,476108.806512096,113,2023-03-29 09:46:41,2023-03-30 02:20:01
"25",86,140161.245464939,472433.169579483,113,2023-03-29 09:46:41,2023-03-30 02:20:01
"1",81,113313.418070621,501740.854068344,118,2023-03-29 09:46:40,2023-03-30 02:31:10
"2",97,131728.758709491,476037.829865278,118,2023-03-29 09:46:40,2023-03-30 02:31:10
"3",114,123746.655914313,483453.111885107,118,2023-03-29 09:46:40,2023-03-30 02:31:10
"4",30,105365.109096435,502137.994729621,118,2023-03-29 09:46:40,2023-03-30 02:31:10
"5",33,140344.16849517,475621.643240289,118,2023-03-29 09:46:40,2023-03-30 02:31:10
"6",52,124354.329308616,488811.630233019,118,2023-03-29 09:46:40,2023-03-30 02:31:10
"7",134,98971.8233251744,476113.949213295,118,2023-03-29 09:46:40,2023-03-30 02:31:10
"8",25,108362.252501138,502223.37088688,118,2023-03-29 09:46:40,2023-03-30 02:31:10
"9",58,121575.551103964,478546.441921403,118,2023-03-29 09:46:40,2023-03-30 02:31:10
"10",5,128994.404003981,470185.924129818,118,2023-03-29 09:46:40,2023-03-30 02:31:10
"11",2,128235.052167778,473680.345509786,118,2023-03-29 09:46:40,2023-03-30 02:31:10
"12",46,115157.363916917,474999.813956089,118,2023-03-29 09:46:40,2023-03-30 02:31:10
"13",13,104213.677038975,498151.626529977,118,2023-03-29 09:46:40,2023-03-30 02:31:10
"14",115,122994.770312332,483237.761393052,118,2023-03-29 09:46:40,2023-03-30 02:31:10
"15",73,114270.736496987,474340.808848637,118,2023-03-29 09:46:40,2023-03-30 02:31:10
"16",89,134043.019898605,473813.738484692,118,2023-03-29 09:46:40,2023-03-30 02:31:10
"17",85,136803.422535529,475484.79923687,118,2023-03-29 09:46:40,2023-03-30 02:31:10
"18",1,127087.713575886,476511.190844514,118,2023-03-29 09:46:40,2023-03-30 02:31:10
"19",124,106786.674972529,505688.658282871,118,2023-03-29 09:46:40,2023-03-30 02:31:10
"20",4,129052.544687073,470346.853874328,118,2023-03-29 09:46:40,2023-03-30 02:31:10
"1",33,140344.127558356,475622.709323768,119,2023-03-29 09:46:39,2023-03-30 02:36:57
"2",89,134043.035456452,473814.264063824,119,2023-03-29 09:46:39,2023-03-30 02:36:57
"3",30,105365.023481111,502142.517845978,119,2023-03-29 09:46:39,2023-03-30 02:36:57
"4",114,123746.659049371,483452.550926644,119,2023-03-29 09:46:39,2023-03-30 02:36:57
"5",115,122994.736744914,483237.465669659,119,2023-03-29 09:46:39,2023-03-30 02:36:57
"6",134,98971.8860581905,476108.065821453,119,2023-03-29 09:46:39,2023-03-30 02:36:57
"7",5,128994.448600853,470190.524993549,119,2023-03-29 09:46:39,2023-03-30 02:36:57
"8",25,108362.281825089,502225.565637443,119,2023-03-29 09:46:39,2023-03-30 02:36:57
"9",73,114270.666166758,474343.565075084,119,2023-03-29 09:46:39,2023-03-30 02:36:57
"10",56,138444.360910086,469486.048191038,119,2023-03-29 09:46:39,2023-03-30 02:36:57
"11",124,106786.612571732,505685.773253385,119,2023-03-29 09:46:39,2023-03-30 02:36:57
"12",2,128235.144445396,473682.05826317,119,2023-03-29 09:46:39,2023-03-30 02:36:57
"13",4,129052.537213007,470346.294284331,119,2023-03-29 09:46:39,2023-03-30 02:36:57
"14",96,138160.810434268,467509.316141399,119,2023-03-29 09:46:39,2023-03-30 02:36:57
"15",52,124354.325095565,488812.835587201,119,2023-03-29 09:46:39,2023-03-30 02:36:57
"16",13,104213.645690689,498153.747877136,119,2023-03-29 09:46:39,2023-03-30 02:36:57
"17",85,136803.396517,475490.141872336,119,2023-03-29 09:46:39,2023-03-30 02:36:57
"18",97,131728.739401545,476034.055327907,119,2023-03-29 09:46:39,2023-03-30 02:36:57
"19",72,136252.316455751,468992.252465475,119,2023-03-29 09:46:39,2023-03-30 02:36:57
"1",115,122994.680657979,483240.427063159,112,2023-03-29 09:46:41,2023-03-30 02:59:16
"2",71,136791.686824897,474552.873705597,112,2023-03-29 09:46:41,2023-03-30 02:59:16
"3",137,98973.1276488712,474291.904009116,112,2023-03-29 09:46:41,2023-03-30 02:59:16
"4",98,106504.830736275,498134.147246479,112,2023-03-29 09:46:41,2023-03-30 02:59:16
"5",134,98971.8312130523,476111.390892666,112,2023-03-29 09:46:41,2023-03-30 02:59:16
"6",46,115157.349864683,475000.429465853,112,2023-03-29 09:46:41,2023-03-30 02:59:16
"7",114,123746.703981021,483449.781236061,112,2023-03-29 09:46:41,2023-03-30 02:59:16
"8",89,134043.051741861,473818.898172989,112,2023-03-29 09:46:41,2023-03-30 02:59:16
"9",73,114270.633620608,474345.751826557,112,2023-03-29 09:46:41,2023-03-30 02:59:16
"10",25,108362.307822023,502226.669310634,112,2023-03-29 09:46:41,2023-03-30 02:59:16
"11",13,104213.656123308,498155.088526335,112,2023-03-29 09:46:41,2023-03-30 02:59:16
"12",45,113924.642943897,475970.184824058,112,2023-03-29 09:46:41,2023-03-30 02:59:16
"13",61,116364.664715143,474670.475100835,112,2023-03-29 09:46:41,2023-03-30 02:59:16
"14",52,124354.279136558,488816.604164268,112,2023-03-29 09:46:41,2023-03-30 02:59:16
"15",96,138160.766237956,467513.46978975,112,2023-03-29 09:46:41,2023-03-30 02:59:16
"16",1,127087.638889769,476511.417516642,112,2023-03-29 09:46:41,2023-03-30 02:59:16
"17",4,129052.569404079,470346.386715719,112,2023-03-29 09:46:41,2023-03-30 02:59:16
"18",58,121575.622721134,478545.910277471,112,2023-03-29 09:46:41,2023-03-30 02:59:16
"19",5,128994.42958385,470191.432584726,112,2023-03-29 09:46:41,2023-03-30 02:59:16
"20",41,115267.773807435,473291.195843346,112,2023-03-29 09:46:41,2023-03-30 02:59:16
"21",2,128235.071470653,473682.386732304,112,2023-03-29 09:46:41,2023-03-30 02:59:16
"22",124,106786.645221829,505686.806442979,112,2023-03-29 09:46:41,2023-03-30 02:59:16
"23",30,105365.070004549,502142.15927717,112,2023-03-29 09:46:41,2023-03-30 02:59:16
"24",106,127505.256657687,482714.678333522,112,2023-03-29 09:46:41,2023-03-30 02:59:16
"25",81,113313.43772805,501739.948591158,112,2023-03-29 09:46:41,2023-03-30 02:59:16
"26",85,136803.460884899,475489.890253048,112,2023-03-29 09:46:41,2023-03-30 02:59:16
"1",85,136803.498666038,475486.499422361,111,2023-03-29 09:46:41,2023-03-30 04:35:08
"2",114,123746.645245488,483452.979741783,111,2023-03-29 09:46:41,2023-03-30 04:35:08
"3",52,124354.245952467,488812.70905188,111,2023-03-29 09:46:41,2023-03-30 04:35:08
"4",97,131728.829632416,476035.862618419,111,2023-03-29 09:46:41,2023-03-30 04:35:08
"5",41,115267.808244745,473294.080911244,111,2023-03-29 09:46:41,2023-03-30 04:35:08
"6",73,114270.687595556,474340.476100843,111,2023-03-29 09:46:41,2023-03-30 04:35:08
"7",58,121575.646267418,478550.47506315,111,2023-03-29 09:46:41,2023-03-30 04:35:08
"8",30,105365.090746689,502143.486002759,111,2023-03-29 09:46:41,2023-03-30 04:35:08
"9",89,134043.014337888,473815.846048556,111,2023-03-29 09:46:41,2023-03-30 04:35:08
"10",134,98971.8143867334,476113.874173906,111,2023-03-29 09:46:41,2023-03-30 04:35:08
"11",1,127087.641428207,476514.751529963,111,2023-03-29 09:46:41,2023-03-30 04:35:08
"12",81,113313.36265774,501739.601399601,111,2023-03-29 09:46:41,2023-03-30 04:35:08
"13",5,128994.436936733,470185.77842846,111,2023-03-29 09:46:41,2023-03-30 04:35:08
"14",25,108362.263509224,502223.464450234,111,2023-03-29 09:46:41,2023-03-30 04:35:08
"15",2,128235.124584724,473684.931283004,111,2023-03-29 09:46:41,2023-03-30 04:35:08
"16",139,140736.875414357,484411.769676792,111,2023-03-29 09:46:41,2023-03-30 04:35:08
"17",13,104213.711480206,498156.646353706,111,2023-03-29 09:46:41,2023-03-30 04:35:08
"18",45,113924.651683884,475969.092304682,111,2023-03-29 09:46:41,2023-03-30 04:35:08
"19",124,106786.689514664,505685.202747882,111,2023-03-29 09:46:41,2023-03-30 04:35:08
"20",46,115157.431488227,475002.083518336,111,2023-03-29 09:46:41,2023-03-30 04:35:08
"21",106,127505.244520427,482717.700144864,111,2023-03-29 09:46:41,2023-03-30 04:35:08
"22",137,98973.0715625466,474294.8354643,111,2023-03-29 09:46:41,2023-03-30 04:35:08
"23",4,129052.463679952,470349.232965173,111,2023-03-29 09:46:41,2023-03-30 04:35:08
"24",33,140344.092637591,475620.893775236,111,2023-03-29 09:46:41,2023-03-30 04:35:08
"25",61,116364.656084108,474673.778603977,111,2023-03-29 09:46:41,2023-03-30 04:35:08
"26",115,122994.712572405,483238.037260236,111,2023-03-29 09:46:41,2023-03-30 04:35:08
"27",98,106504.919302565,498135.286408402,111,2023-03-29 09:46:41,2023-03-30 04:35:08
