"1",116,119918.167646888,491752.764860295,51,2023-03-22 09:38:10,2023-03-23 15:57:54
"2",31,109622.822901418,478462.062161583,51,2023-03-22 09:38:10,2023-03-23 15:57:54
"3",138,106723.771154398,470970.177437391,51,2023-03-22 09:38:10,2023-03-23 15:57:54
"4",22,103386.533427758,483072.164676369,51,2023-03-22 09:38:10,2023-03-23 15:57:54
"5",28,120117.602270764,490053.042400573,51,2023-03-22 09:38:10,2023-03-23 15:57:54
"6",71,136791.588863798,474551.83453266,51,2023-03-22 09:38:10,2023-03-23 15:57:54
"7",29,117792.169346381,490347.144301331,51,2023-03-22 09:38:10,2023-03-23 15:57:54
"8",76,125477.398606753,496828.144268362,51,2023-03-22 09:38:10,2023-03-23 15:57:54
"9",115,122994.774125386,483239.829684861,51,2023-03-22 09:38:10,2023-03-23 15:57:54
"10",122,118004.716785643,506945.528901842,51,2023-03-22 09:38:10,2023-03-23 15:57:54
"11",77,107728.712488482,480878.257366008,51,2023-03-22 09:38:10,2023-03-23 15:57:54
"12",15,112619.59096113,485882.367930965,51,2023-03-22 09:38:10,2023-03-23 15:57:54
"13",109,126475.106280565,482669.180915843,51,2023-03-22 09:38:10,2023-03-23 15:57:54
"14",26,118529.534544653,490045.768545462,51,2023-03-22 09:38:10,2023-03-23 15:57:54
"15",16,123447.005393336,482200.722070442,51,2023-03-22 09:38:10,2023-03-23 15:57:54
"16",79,140924.635125703,471232.487285052,51,2023-03-22 09:38:10,2023-03-23 15:57:54
"17",32,106438.367865494,484880.581566865,51,2023-03-22 09:38:10,2023-03-23 15:57:54
"18",54,108909.183620263,479003.178443226,51,2023-03-22 09:38:10,2023-03-23 15:57:54
"19",3,123654.053441874,468802.80437182,51,2023-03-22 09:38:10,2023-03-23 15:57:54
"20",105,104096.233193335,475466.688727849,51,2023-03-22 09:38:10,2023-03-23 15:57:54
"21",23,131023.358603717,497890.004767324,51,2023-03-22 09:38:10,2023-03-23 15:57:54
"22",74,107022.841076743,478444.609377794,51,2023-03-22 09:38:10,2023-03-23 15:57:54
"23",112,122181.68551196,490109.772922456,51,2023-03-22 09:38:10,2023-03-23 15:57:54
"24",55,123536.647564751,488609.289445563,51,2023-03-22 09:38:10,2023-03-23 15:57:54
"25",80,99321.3063185172,474280.213151477,51,2023-03-22 09:38:10,2023-03-23 15:57:54
"26",12,117432.626053187,471666.161666636,51,2023-03-22 09:38:10,2023-03-23 15:57:54
"27",131,98621.0895717324,478715.033311941,51,2023-03-22 09:38:10,2023-03-23 15:57:54
"28",128,140570.890337182,486287.97356831,51,2023-03-22 09:38:10,2023-03-23 15:57:54
"29",78,134132.363346203,501710.554336591,51,2023-03-22 09:38:10,2023-03-23 15:57:54
"30",92,131488.503571732,503158.152345049,51,2023-03-22 09:38:10,2023-03-23 15:57:54
"31",17,102700.362700049,474173.489004186,51,2023-03-22 09:38:10,2023-03-23 15:57:54
"32",132,102716.139916174,468811.537345939,51,2023-03-22 09:38:10,2023-03-23 15:57:54
"33",53,124496.15671209,479383.127810924,51,2023-03-22 09:38:10,2023-03-23 15:57:54
"34",38,114646.487104728,484054.27987715,51,2023-03-22 09:38:10,2023-03-23 15:57:54
"35",88,112618.718803248,500070.745422808,51,2023-03-22 09:38:10,2023-03-23 15:57:54
"36",87,125020.175677764,483275.19054329,51,2023-03-22 09:38:10,2023-03-23 15:57:54
"37",91,129423.656239571,483623.910325178,51,2023-03-22 09:38:10,2023-03-23 15:57:54
"38",59,117548.91796004,477556.921240077,51,2023-03-22 09:38:10,2023-03-23 15:57:54
"39",126,142342.671265444,486082.111926689,51,2023-03-22 09:38:10,2023-03-23 15:57:54
"40",60,118032.697047278,483978.17367084,51,2023-03-22 09:38:10,2023-03-23 15:57:54
"41",33,140344.129936749,475621.469615118,51,2023-03-22 09:38:10,2023-03-23 15:57:54
"42",24,114331.559627155,489613.109292213,51,2023-03-22 09:38:10,2023-03-23 15:57:54
"43",44,120825.951992345,491364.767840454,51,2023-03-22 09:38:10,2023-03-23 15:57:54
"44",36,100729.221411745,497593.386880985,51,2023-03-22 09:38:10,2023-03-23 15:57:54
"45",41,115267.810438609,473289.033503811,51,2023-03-22 09:38:10,2023-03-23 15:57:54
"46",27,107658.157139371,477593.382314124,51,2023-03-22 09:38:10,2023-03-23 15:57:54
"47",11,139818.196057422,484096.74638558,51,2023-03-22 09:38:10,2023-03-23 15:57:54
"48",94,115908.711799828,495420.481440527,51,2023-03-22 09:38:10,2023-03-23 15:57:54
"49",110,116454.0967576,477804.780302677,51,2023-03-22 09:38:10,2023-03-23 15:57:54
"50",43,112553.784546658,489830.28201274,51,2023-03-22 09:38:10,2023-03-23 15:57:54
"51",56,138444.35812968,469485.066863897,51,2023-03-22 09:38:10,2023-03-23 15:57:54
"1",92,131488.53365995,503157.095895761,53,2023-03-22 09:39:10,2023-03-23 18:36:59
"2",128,140570.864160175,486290.507939556,53,2023-03-22 09:39:10,2023-03-23 18:36:59
"3",88,112618.63555048,500076.131882681,53,2023-03-22 09:39:10,2023-03-23 18:36:59
"4",29,117792.098780162,490349.414076657,53,2023-03-22 09:39:10,2023-03-23 18:36:59
"5",15,112619.541868931,485883.522361543,53,2023-03-22 09:39:10,2023-03-23 18:36:59
"6",27,107658.15676923,477595.765080301,53,2023-03-22 09:39:10,2023-03-23 18:36:59
"7",12,117432.607907368,471666.996705799,53,2023-03-22 09:39:10,2023-03-23 18:36:59
"8",26,118529.523296343,490046.230414849,53,2023-03-22 09:39:10,2023-03-23 18:36:59
"9",129,98461.0058265832,478074.461525557,53,2023-03-22 09:39:10,2023-03-23 18:36:59
"10",16,123447.031502732,482206.841405915,53,2023-03-22 09:39:10,2023-03-23 18:36:59
"11",132,102716.178829534,468813.332021061,53,2023-03-22 09:39:10,2023-03-23 18:36:59
"12",110,116454.162570654,477806.43742731,53,2023-03-22 09:39:10,2023-03-23 18:36:59
"13",53,124496.215943158,479382.615829739,53,2023-03-22 09:39:10,2023-03-23 18:36:59
"14",55,123536.587105456,488609.122170551,53,2023-03-22 09:39:10,2023-03-23 18:36:59
"15",28,120117.557208468,490053.018461479,53,2023-03-22 09:39:10,2023-03-23 18:36:59
"16",43,112553.718240613,489824.554758502,53,2023-03-22 09:39:10,2023-03-23 18:36:59
"17",1,127087.672879087,476508.942630052,53,2023-03-22 09:39:10,2023-03-23 18:36:59
"18",76,125477.355530141,496824.935426486,53,2023-03-22 09:39:10,2023-03-23 18:36:59
"19",59,117548.87689115,477557.544399581,53,2023-03-22 09:39:10,2023-03-23 18:36:59
"20",87,125020.176063534,483277.07320172,53,2023-03-22 09:39:10,2023-03-23 18:36:59
"21",78,134132.355654564,501709.481570125,53,2023-03-22 09:39:10,2023-03-23 18:36:59
"22",23,131023.287528736,497891.89219687,53,2023-03-22 09:39:10,2023-03-23 18:36:59
"23",112,122181.697251229,490111.279587844,53,2023-03-22 09:39:10,2023-03-23 18:36:59
"24",115,122994.73713008,483240.445065886,53,2023-03-22 09:39:10,2023-03-23 18:36:59
"25",126,142342.698325366,486080.093336165,53,2023-03-22 09:39:10,2023-03-23 18:36:59
"26",31,109622.812986402,478464.10842379,53,2023-03-22 09:39:10,2023-03-23 18:36:59
"27",123,118314.552335921,507053.556480984,53,2023-03-22 09:39:10,2023-03-23 18:36:59
"28",109,126475.21296671,482671.501077623,53,2023-03-22 09:39:10,2023-03-23 18:36:59
"29",36,100729.245944058,497590.850318284,53,2023-03-22 09:39:10,2023-03-23 18:36:59
"30",54,108909.110947464,479007.698008992,53,2023-03-22 09:39:10,2023-03-23 18:36:59
"31",138,106723.70242525,470969.955532107,53,2023-03-22 09:39:10,2023-03-23 18:36:59
"32",41,115267.880700949,473290.346429718,53,2023-03-22 09:39:10,2023-03-23 18:36:59
"33",74,107022.751255542,478439.934330537,53,2023-03-22 09:39:10,2023-03-23 18:36:59
"34",56,138444.37433643,469486.589497799,53,2023-03-22 09:39:10,2023-03-23 18:36:59
"35",52,124354.343235304,488813.770127241,53,2023-03-22 09:39:10,2023-03-23 18:36:59
"36",60,118032.785917269,483976.823782533,53,2023-03-22 09:39:10,2023-03-23 18:36:59
"37",105,104096.239111615,475472.431603033,53,2023-03-22 09:39:10,2023-03-23 18:36:59
"38",33,140344.168413051,475620.911404179,53,2023-03-22 09:39:10,2023-03-23 18:36:59
"39",91,129423.68788705,483624.932951142,53,2023-03-22 09:39:10,2023-03-23 18:36:59
"40",116,119918.083991715,491751.93447676,53,2023-03-22 09:39:10,2023-03-23 18:36:59
"41",22,103386.484717613,483073.790558084,53,2023-03-22 09:39:10,2023-03-23 18:36:59
"42",94,115908.678410529,495425.505853948,53,2023-03-22 09:39:10,2023-03-23 18:36:59
"43",93,141526.541020181,470237.538164653,53,2023-03-22 09:39:10,2023-03-23 18:36:59
"44",77,107728.667490796,480882.133742657,53,2023-03-22 09:39:10,2023-03-23 18:36:59
"45",3,123654.081384956,468804.674042217,53,2023-03-22 09:39:10,2023-03-23 18:36:59
"46",44,120825.875429313,491361.185563098,53,2023-03-22 09:39:10,2023-03-23 18:36:59
"47",32,106438.371530911,484881.78369613,53,2023-03-22 09:39:10,2023-03-23 18:36:59
"48",80,99321.3686513158,474282.026007364,53,2023-03-22 09:39:10,2023-03-23 18:36:59
"49",86,140161.358701508,472428.657655489,53,2023-03-22 09:39:10,2023-03-23 18:36:59
"50",17,102700.345096777,474175.019737541,53,2023-03-22 09:39:10,2023-03-23 18:36:59
"51",24,114331.604676441,489612.379197312,53,2023-03-22 09:39:10,2023-03-23 18:36:59
"52",11,139818.151937121,484096.561184504,53,2023-03-22 09:39:10,2023-03-23 18:36:59
"53",38,114646.459068245,484057.843337173,53,2023-03-22 09:39:10,2023-03-23 18:36:59
"1",87,125020.259779636,483277.728144291,55,2023-03-22 09:37:45,2023-03-23 20:14:57
"2",23,131023.303819733,497891.506454616,55,2023-03-22 09:37:45,2023-03-23 20:14:57
"3",116,119918.154507496,491751.143998851,55,2023-03-22 09:37:45,2023-03-23 20:14:57
"4",3,123654.007926465,468803.284992285,55,2023-03-22 09:37:45,2023-03-23 20:14:57
"5",27,107658.115855738,477596.663628144,55,2023-03-22 09:37:45,2023-03-23 20:14:57
"6",31,109622.828288416,478463.448341538,55,2023-03-22 09:37:45,2023-03-23 20:14:57
"7",60,118032.789084473,483975.730244797,55,2023-03-22 09:37:45,2023-03-23 20:14:57
"8",122,118004.726037777,506951.201192209,55,2023-03-22 09:37:45,2023-03-23 20:14:57
"9",48,120604.035905172,491230.663021861,55,2023-03-22 09:37:45,2023-03-23 20:14:57
"10",15,112619.540418059,485885.643003759,55,2023-03-22 09:37:45,2023-03-23 20:14:57
"11",24,114331.557273723,489610.291348802,55,2023-03-22 09:37:45,2023-03-23 20:14:57
"12",88,112618.612106352,500071.220233493,55,2023-03-22 09:37:45,2023-03-23 20:14:57
"13",132,102716.103029653,468813.072255337,55,2023-03-22 09:37:45,2023-03-23 20:14:57
"14",57,112519.195441583,484598.334304287,55,2023-03-22 09:37:45,2023-03-23 20:14:57
"15",77,107728.727512851,480878.886778346,55,2023-03-22 09:37:45,2023-03-23 20:14:57
"16",76,125477.403959708,496826.14820095,55,2023-03-22 09:37:45,2023-03-23 20:14:57
"17",12,117432.625107834,471668.253681417,55,2023-03-22 09:37:45,2023-03-23 20:14:57
"18",109,126475.109366837,482667.773006696,55,2023-03-22 09:37:45,2023-03-23 20:14:57
"19",71,136791.599929593,474552.46483017,55,2023-03-22 09:37:45,2023-03-23 20:14:57
"20",126,142342.682498962,486081.019133911,55,2023-03-22 09:37:45,2023-03-23 20:14:57
"21",17,102700.367769269,474174.141834341,55,2023-03-22 09:37:45,2023-03-23 20:14:57
"22",38,114646.41684599,484053.730501333,55,2023-03-22 09:37:45,2023-03-23 20:14:57
"23",22,103386.467583291,483071.131235729,55,2023-03-22 09:37:45,2023-03-23 20:14:57
"24",56,138444.293583677,469485.10319574,55,2023-03-22 09:37:45,2023-03-23 20:14:57
"25",107,113741.567232075,471565.117920953,55,2023-03-22 09:37:45,2023-03-23 20:14:57
"26",92,131488.519336326,503160.923775706,55,2023-03-22 09:37:45,2023-03-23 20:14:57
"27",78,134132.453804606,501710.465065499,55,2023-03-22 09:37:45,2023-03-23 20:14:57
"28",112,122181.728231554,490104.881626508,55,2023-03-22 09:37:45,2023-03-23 20:14:57
"29",74,107022.774104198,478443.993286569,55,2023-03-22 09:37:45,2023-03-23 20:14:57
"30",91,129423.669482538,483622.16985853,55,2023-03-22 09:37:45,2023-03-23 20:14:57
"31",115,122994.685083547,483237.375868652,55,2023-03-22 09:37:45,2023-03-23 20:14:57
"32",93,141526.548655085,470235.394804551,55,2023-03-22 09:37:45,2023-03-23 20:14:57
"33",43,112553.748490791,489825.207922699,55,2023-03-22 09:37:45,2023-03-23 20:14:57
"34",41,115267.851680506,473289.997623394,55,2023-03-22 09:37:45,2023-03-23 20:14:57
"35",11,139818.173789939,484098.776171933,55,2023-03-22 09:37:45,2023-03-23 20:14:57
"36",29,117792.11505564,490345.220175817,55,2023-03-22 09:37:45,2023-03-23 20:14:57
"37",131,98621.0734631758,478715.221618991,55,2023-03-22 09:37:45,2023-03-23 20:14:57
"38",33,140344.096477178,475621.367923405,55,2023-03-22 09:37:45,2023-03-23 20:14:57
"39",94,115908.643756239,495419.885612591,55,2023-03-22 09:37:45,2023-03-23 20:14:57
"40",52,124354.312926246,488811.575718733,55,2023-03-22 09:37:45,2023-03-23 20:14:57
"41",80,99321.3254163893,474279.285309631,55,2023-03-22 09:37:45,2023-03-23 20:14:57
"42",53,124496.180533497,479383.80128446,55,2023-03-22 09:37:45,2023-03-23 20:14:57
"43",110,116454.083557996,477801.69114562,55,2023-03-22 09:37:45,2023-03-23 20:14:57
"44",105,104096.218344893,475467.432886062,55,2023-03-22 09:37:45,2023-03-23 20:14:57
"45",59,117548.843479921,477555.454929053,55,2023-03-22 09:37:45,2023-03-23 20:14:57
"46",36,100729.228737452,497592.422760266,55,2023-03-22 09:37:45,2023-03-23 20:14:57
"47",16,123447.052098945,482204.199262856,55,2023-03-22 09:37:45,2023-03-23 20:14:57
"48",138,106723.740859374,470970.382768741,55,2023-03-22 09:37:45,2023-03-23 20:14:57
"49",86,140161.35880679,472430.781701218,55,2023-03-22 09:37:45,2023-03-23 20:14:57
"50",55,123536.55333304,488607.659994295,55,2023-03-22 09:37:45,2023-03-23 20:14:57
"51",54,108909.101455236,479003.61597916,55,2023-03-22 09:37:45,2023-03-23 20:14:57
"52",26,118529.565405,490046.359065009,55,2023-03-22 09:37:45,2023-03-23 20:14:57
"53",32,106438.357049331,484877.640287472,55,2023-03-22 09:37:45,2023-03-23 20:14:57
"54",28,120117.644608555,490048.928081753,55,2023-03-22 09:37:45,2023-03-23 20:14:57
"55",128,140570.925245962,486287.481998051,55,2023-03-22 09:37:45,2023-03-23 20:14:57
"1",59,117548.867646305,477556.109357751,57,2023-03-22 09:37:48,2023-03-24 00:40:53
"2",32,106438.469168756,484876.954443996,57,2023-03-22 09:37:48,2023-03-24 00:40:53
"3",23,131023.337049171,497889.230182703,57,2023-03-22 09:37:48,2023-03-24 00:40:53
"4",126,142342.679098842,486081.271390945,57,2023-03-22 09:37:48,2023-03-24 00:40:53
"5",31,109622.843465818,478463.386869724,57,2023-03-22 09:37:48,2023-03-24 00:40:53
"6",36,100729.207856913,497590.715297957,57,2023-03-22 09:37:48,2023-03-24 00:40:53
"7",132,102716.12998145,468812.357651006,57,2023-03-22 09:37:48,2023-03-24 00:40:53
"8",64,120407.661670791,493359.439091612,57,2023-03-22 09:37:48,2023-03-24 00:40:53
"9",15,112619.590704774,485884.978488174,57,2023-03-22 09:37:48,2023-03-24 00:40:53
"10",76,125477.372168655,496829.481162648,57,2023-03-22 09:37:48,2023-03-24 00:40:53
"11",22,103386.504360415,483069.10374754,57,2023-03-22 09:37:48,2023-03-24 00:40:53
"12",116,119918.12371098,491752.300915105,57,2023-03-22 09:37:48,2023-03-24 00:40:53
"13",52,124354.247103759,488811.930564852,57,2023-03-22 09:37:48,2023-03-24 00:40:53
"14",63,115905.065385336,494234.451733022,57,2023-03-22 09:37:48,2023-03-24 00:40:53
"15",87,125020.183162433,483275.606330924,57,2023-03-22 09:37:48,2023-03-24 00:40:53
"16",122,118004.730759856,506951.466739556,57,2023-03-22 09:37:48,2023-03-24 00:40:53
"17",27,107658.206412652,477598.350422954,57,2023-03-22 09:37:48,2023-03-24 00:40:53
"18",71,136791.63501946,474551.673024478,57,2023-03-22 09:37:48,2023-03-24 00:40:53
"19",107,113741.606019219,471566.553151691,57,2023-03-22 09:37:48,2023-03-24 00:40:53
"20",56,138444.329825453,469484.701916734,57,2023-03-22 09:37:48,2023-03-24 00:40:53
"21",28,120117.603102316,490050.016809843,57,2023-03-22 09:37:48,2023-03-24 00:40:53
"22",54,108909.140139638,479004.859197628,57,2023-03-22 09:37:48,2023-03-24 00:40:53
"23",110,116454.116744045,477804.040486464,57,2023-03-22 09:37:48,2023-03-24 00:40:53
"24",43,112553.693723254,489826.878041869,57,2023-03-22 09:37:48,2023-03-24 00:40:53
"25",112,122181.657345444,490105.724137056,57,2023-03-22 09:37:48,2023-03-24 00:40:53
"26",128,140570.902583857,486288.963570669,57,2023-03-22 09:37:48,2023-03-24 00:40:53
"27",108,116173.772829283,495610.602312984,57,2023-03-22 09:37:48,2023-03-24 00:40:53
"28",48,120604.118878717,491226.674765304,57,2023-03-22 09:37:48,2023-03-24 00:40:53
"29",115,122994.688309385,483240.03314066,57,2023-03-22 09:37:48,2023-03-24 00:40:53
"30",77,107728.695339913,480882.259400089,57,2023-03-22 09:37:48,2023-03-24 00:40:53
"31",93,141526.45734288,470240.964819398,57,2023-03-22 09:37:48,2023-03-24 00:40:53
"32",86,140161.329385075,472430.039817425,57,2023-03-22 09:37:48,2023-03-24 00:40:53
"33",80,99321.313413396,474284.519949368,57,2023-03-22 09:37:48,2023-03-24 00:40:53
"34",29,117792.134306166,490344.918977562,57,2023-03-22 09:37:48,2023-03-24 00:40:53
"35",138,106723.711621124,470974.982572421,57,2023-03-22 09:37:48,2023-03-24 00:40:53
"36",24,114331.559044387,489611.881195148,57,2023-03-22 09:37:48,2023-03-24 00:40:53
"37",26,118529.572997849,490047.546014421,57,2023-03-22 09:37:48,2023-03-24 00:40:53
"38",11,139818.145385246,484099.002815678,57,2023-03-22 09:37:48,2023-03-24 00:40:53
"39",53,124496.17438403,479382.032673994,57,2023-03-22 09:37:48,2023-03-24 00:40:53
"40",74,107022.761284431,478442.398342459,57,2023-03-22 09:37:48,2023-03-24 00:40:53
"41",78,134132.38531654,501712.615419048,57,2023-03-22 09:37:48,2023-03-24 00:40:53
"42",17,102700.314781137,474172.584423379,57,2023-03-22 09:37:48,2023-03-24 00:40:53
"43",55,123536.540321465,488609.226297474,57,2023-03-22 09:37:48,2023-03-24 00:40:53
"44",60,118032.796547756,483973.798550892,57,2023-03-22 09:37:48,2023-03-24 00:40:53
"45",129,98460.9302426351,478078.507748102,57,2023-03-22 09:37:48,2023-03-24 00:40:53
"46",91,129423.633809101,483623.002242607,57,2023-03-22 09:37:48,2023-03-24 00:40:53
"47",41,115267.790865707,473292.148276704,57,2023-03-22 09:37:48,2023-03-24 00:40:53
"48",12,117432.632676893,471663.181457425,57,2023-03-22 09:37:48,2023-03-24 00:40:53
"49",88,112618.617155906,500075.307005044,57,2023-03-22 09:37:48,2023-03-24 00:40:53
"50",105,104096.245647139,475468.099609309,57,2023-03-22 09:37:48,2023-03-24 00:40:53
"51",16,123447.052232912,482204.556774584,57,2023-03-22 09:37:48,2023-03-24 00:40:53
"52",92,131488.468530693,503158.854500389,57,2023-03-22 09:37:48,2023-03-24 00:40:53
"53",38,114646.504164356,484057.041560586,57,2023-03-22 09:37:48,2023-03-24 00:40:53
"54",33,140344.160771087,475618.265106828,57,2023-03-22 09:37:48,2023-03-24 00:40:53
"55",57,112519.233306764,484596.924720915,57,2023-03-22 09:37:48,2023-03-24 00:40:53
"56",3,123654.065338034,468804.616915016,57,2023-03-22 09:37:48,2023-03-24 00:40:53
"57",109,126475.191638081,482669.731149337,57,2023-03-22 09:37:48,2023-03-24 00:40:53
"1",38,114646.455848458,484053.089550984,60,2023-03-22 09:39:05,2023-03-24 00:45:19
"2",92,131488.461815868,503160.069827748,60,2023-03-22 09:39:05,2023-03-24 00:45:19
"3",77,107728.747765299,480879.264112031,60,2023-03-22 09:39:05,2023-03-24 00:45:19
"4",74,107022.809180371,478442.507107809,60,2023-03-22 09:39:05,2023-03-24 00:45:19
"5",16,123447.058371339,482202.173297093,60,2023-03-22 09:39:05,2023-03-24 00:45:19
"6",36,100729.179109107,497592.565465216,60,2023-03-22 09:39:05,2023-03-24 00:45:19
"7",128,140570.848175262,486285.970928677,60,2023-03-22 09:39:05,2023-03-24 00:45:19
"8",86,140161.316725811,472431.595430117,60,2023-03-22 09:39:05,2023-03-24 00:45:19
"9",3,123654.104157074,468805.14624816,60,2023-03-22 09:39:05,2023-03-24 00:45:19
"10",23,131023.32696376,497890.20567037,60,2023-03-22 09:39:05,2023-03-24 00:45:19
"11",8,141360.336684674,486242.933717333,60,2023-03-22 09:39:05,2023-03-24 00:45:19
"12",32,106438.3998307,484881.669741052,60,2023-03-22 09:39:05,2023-03-24 00:45:19
"13",57,112519.243915107,484599.28025519,60,2023-03-22 09:39:05,2023-03-24 00:45:19
"14",60,118032.741739519,483976.635832502,60,2023-03-22 09:39:05,2023-03-24 00:45:19
"15",28,120117.559276462,490051.223510067,60,2023-03-22 09:39:05,2023-03-24 00:45:19
"16",33,140344.153328228,475618.562997231,60,2023-03-22 09:39:05,2023-03-24 00:45:19
"17",132,102716.186397728,468813.758188139,60,2023-03-22 09:39:05,2023-03-24 00:45:19
"18",69,113137.876509866,473096.956182855,60,2023-03-22 09:39:05,2023-03-24 00:45:19
"19",29,117792.203345059,490347.791207518,60,2023-03-22 09:39:05,2023-03-24 00:45:19
"20",123,118314.534400821,507053.786835671,60,2023-03-22 09:39:05,2023-03-24 00:45:19
"21",22,103386.486216292,483071.118401671,60,2023-03-22 09:39:05,2023-03-24 00:45:19
"22",12,117432.59008568,471667.404272822,60,2023-03-22 09:39:05,2023-03-24 00:45:19
"23",109,126475.188994442,482667.970733588,60,2023-03-22 09:39:05,2023-03-24 00:45:19
"24",116,119918.108431485,491751.518538839,60,2023-03-22 09:39:05,2023-03-24 00:45:19
"25",125,105873.402476605,508219.977469882,60,2023-03-22 09:39:05,2023-03-24 00:45:19
"26",91,129423.631738906,483620.955169815,60,2023-03-22 09:39:05,2023-03-24 00:45:19
"27",110,116454.123310217,477800.803444681,60,2023-03-22 09:39:05,2023-03-24 00:45:19
"28",131,98621.17711434,478716.521834082,60,2023-03-22 09:39:05,2023-03-24 00:45:19
"29",63,115905.129172162,494231.509479603,60,2023-03-22 09:39:05,2023-03-24 00:45:19
"30",31,109622.818755685,478461.99565665,60,2023-03-22 09:39:05,2023-03-24 00:45:19
"31",79,140924.624561401,471233.337777365,60,2023-03-22 09:39:05,2023-03-24 00:45:19
"32",17,102700.38802658,474172.301568025,60,2023-03-22 09:39:05,2023-03-24 00:45:19
"33",80,99321.3671086479,474282.614486873,60,2023-03-22 09:39:05,2023-03-24 00:45:19
"34",88,112618.617609218,500071.533879162,60,2023-03-22 09:39:05,2023-03-24 00:45:19
"35",93,141526.476818608,470236.774527578,60,2023-03-22 09:39:05,2023-03-24 00:45:19
"36",15,112619.599902755,485885.171497129,60,2023-03-22 09:39:05,2023-03-24 00:45:19
"37",44,120825.868503846,491361.243072719,60,2023-03-22 09:39:05,2023-03-24 00:45:19
"38",76,125477.362618682,496830.731439137,60,2023-03-22 09:39:05,2023-03-24 00:45:19
"39",11,139818.224673467,484099.186594652,60,2023-03-22 09:39:05,2023-03-24 00:45:19
"40",64,120407.651400168,493361.680333236,60,2023-03-22 09:39:05,2023-03-24 00:45:19
"41",108,116173.711286216,495610.291110948,60,2023-03-22 09:39:05,2023-03-24 00:45:19
"42",26,118529.527948516,490042.900898732,60,2023-03-22 09:39:05,2023-03-24 00:45:19
"43",87,125020.212935022,483275.159098286,60,2023-03-22 09:39:05,2023-03-24 00:45:19
"44",35,115906.596851885,472909.390491122,60,2023-03-22 09:39:05,2023-03-24 00:45:19
"45",1,127087.710111341,476514.297504834,60,2023-03-22 09:39:05,2023-03-24 00:45:19
"46",55,123536.607501249,488606.000518596,60,2023-03-22 09:39:05,2023-03-24 00:45:19
"47",103,112079.310214665,478288.701224506,60,2023-03-22 09:39:05,2023-03-24 00:45:19
"48",71,136791.653021181,474551.827935628,60,2023-03-22 09:39:05,2023-03-24 00:45:19
"49",56,138444.352020074,469484.69754666,60,2023-03-22 09:39:05,2023-03-24 00:45:19
"50",53,124496.106992629,479378.391629721,60,2023-03-22 09:39:05,2023-03-24 00:45:19
"51",138,106723.766061826,470973.406297439,60,2023-03-22 09:39:05,2023-03-24 00:45:19
"52",59,117548.870365692,477554.041076639,60,2023-03-22 09:39:05,2023-03-24 00:45:19
"53",78,134132.455415629,501708.117985031,60,2023-03-22 09:39:05,2023-03-24 00:45:19
"54",27,107658.212038703,477598.446165117,60,2023-03-22 09:39:05,2023-03-24 00:45:19
"55",105,104096.231085028,475468.367234988,60,2023-03-22 09:39:05,2023-03-24 00:45:19
"56",24,114331.601255321,489615.250328127,60,2023-03-22 09:39:05,2023-03-24 00:45:19
"57",43,112553.704132155,489828.150798331,60,2023-03-22 09:39:05,2023-03-24 00:45:19
"58",54,108909.190925862,479005.858972755,60,2023-03-22 09:39:05,2023-03-24 00:45:19
"59",112,122181.723873317,490107.647420883,60,2023-03-22 09:39:05,2023-03-24 00:45:19
"60",115,122994.66117379,483240.627818308,60,2023-03-22 09:39:05,2023-03-24 00:45:19
"1",54,108909.170846618,479005.760425655,59,2023-03-22 09:37:44,2023-03-24 01:09:31
"2",87,125020.26602501,483277.163130177,59,2023-03-22 09:37:44,2023-03-24 01:09:31
"3",12,117432.672819501,471663.403520611,59,2023-03-22 09:37:44,2023-03-24 01:09:31
"4",59,117548.923027236,477557.241262682,59,2023-03-22 09:37:44,2023-03-24 01:09:31
"5",126,142342.655562098,486083.621445256,59,2023-03-22 09:37:44,2023-03-24 01:09:31
"6",88,112618.727363168,500071.900129217,59,2023-03-22 09:37:44,2023-03-24 01:09:31
"7",103,112079.337669475,478287.706589072,59,2023-03-22 09:37:44,2023-03-24 01:09:31
"8",110,116454.090154609,477801.264344102,59,2023-03-22 09:37:44,2023-03-24 01:09:31
"9",77,107728.656917637,480883.229681682,59,2023-03-22 09:37:44,2023-03-24 01:09:31
"10",31,109622.83877256,478464.532033456,59,2023-03-22 09:37:44,2023-03-24 01:09:31
"11",55,123536.629144015,488604.51049417,59,2023-03-22 09:37:44,2023-03-24 01:09:31
"12",122,118004.687127674,506949.23882422,59,2023-03-22 09:37:44,2023-03-24 01:09:31
"13",60,118032.742317689,483978.242630074,59,2023-03-22 09:37:44,2023-03-24 01:09:31
"14",78,134132.444362403,501708.66606539,59,2023-03-22 09:37:44,2023-03-24 01:09:31
"15",32,106438.411090702,484880.830284209,59,2023-03-22 09:37:44,2023-03-24 01:09:31
"16",17,102700.357773693,474173.070371742,59,2023-03-22 09:37:44,2023-03-24 01:09:31
"17",16,123447.005918489,482201.574712283,59,2023-03-22 09:37:44,2023-03-24 01:09:31
"18",26,118529.583220617,490044.924729765,59,2023-03-22 09:37:44,2023-03-24 01:09:31
"19",53,124496.189223385,479377.886400314,59,2023-03-22 09:37:44,2023-03-24 01:09:31
"20",56,138444.320000504,469482.801215025,59,2023-03-22 09:37:44,2023-03-24 01:09:31
"21",35,115906.609645957,472908.847289821,59,2023-03-22 09:37:44,2023-03-24 01:09:31
"22",57,112519.236727869,484593.235636531,59,2023-03-22 09:37:44,2023-03-24 01:09:31
"23",71,136791.609004332,474548.145347862,59,2023-03-22 09:37:44,2023-03-24 01:09:31
"24",38,114646.404717422,484054.140891292,59,2023-03-22 09:37:44,2023-03-24 01:09:31
"25",29,117792.112568748,490345.33312524,59,2023-03-22 09:37:44,2023-03-24 01:09:31
"26",116,119918.082215776,491748.97384162,59,2023-03-22 09:37:44,2023-03-24 01:09:31
"27",86,140161.359937894,472431.996143501,59,2023-03-22 09:37:44,2023-03-24 01:09:31
"28",24,114331.56257777,489614.9428493,59,2023-03-22 09:37:44,2023-03-24 01:09:31
"29",43,112553.737826755,489823.829433194,59,2023-03-22 09:37:44,2023-03-24 01:09:31
"30",22,103386.455393554,483071.130915991,59,2023-03-22 09:37:44,2023-03-24 01:09:31
"31",92,131488.574784651,503156.371723016,59,2023-03-22 09:37:44,2023-03-24 01:09:31
"32",76,125477.423851884,496824.85715872,59,2023-03-22 09:37:44,2023-03-24 01:09:31
"33",42,113935.696543057,486025.486106724,59,2023-03-22 09:37:44,2023-03-24 01:09:31
"34",33,140344.150503573,475623.678254979,59,2023-03-22 09:37:44,2023-03-24 01:09:31
"35",132,102716.180115481,468810.790986249,59,2023-03-22 09:37:44,2023-03-24 01:09:31
"36",23,131023.264899662,497887.603354452,59,2023-03-22 09:37:44,2023-03-24 01:09:31
"37",3,123654.106834864,468803.403852172,59,2023-03-22 09:37:44,2023-03-24 01:09:31
"38",131,98621.1451014575,478719.870206537,59,2023-03-22 09:37:44,2023-03-24 01:09:31
"39",80,99321.313925295,474279.282164763,59,2023-03-22 09:37:44,2023-03-24 01:09:31
"40",69,113137.879178439,473100.791296875,59,2023-03-22 09:37:44,2023-03-24 01:09:31
"41",119,117014.601257949,489445.846129031,59,2023-03-22 09:37:44,2023-03-24 01:09:31
"42",112,122181.690224914,490111.364389226,59,2023-03-22 09:37:44,2023-03-24 01:09:31
"43",115,122994.748169962,483239.937712574,59,2023-03-22 09:37:44,2023-03-24 01:09:31
"44",91,129423.631472042,483624.969387856,59,2023-03-22 09:37:44,2023-03-24 01:09:31
"45",48,120604.064282132,491230.406068781,59,2023-03-22 09:37:44,2023-03-24 01:09:31
"46",138,106723.715295887,470971.823610718,59,2023-03-22 09:37:44,2023-03-24 01:09:31
"47",105,104096.244295708,475466.409120682,59,2023-03-22 09:37:44,2023-03-24 01:09:31
"48",109,126475.181271968,482670.574435813,59,2023-03-22 09:37:44,2023-03-24 01:09:31
"49",11,139818.213918426,484098.226419691,59,2023-03-22 09:37:44,2023-03-24 01:09:31
"50",108,116173.76387244,495611.53236941,59,2023-03-22 09:37:44,2023-03-24 01:09:31
"51",94,115908.638297213,495421.125644269,59,2023-03-22 09:37:44,2023-03-24 01:09:31
"52",93,141526.547733232,470236.878556056,59,2023-03-22 09:37:44,2023-03-24 01:09:31
"53",128,140570.923282923,486287.532659357,59,2023-03-22 09:37:44,2023-03-24 01:09:31
"54",52,124354.299678362,488816.204225155,59,2023-03-22 09:37:44,2023-03-24 01:09:31
"55",74,107022.858091029,478444.306625771,59,2023-03-22 09:37:44,2023-03-24 01:09:31
"56",27,107658.122858097,477594.200257068,59,2023-03-22 09:37:44,2023-03-24 01:09:31
"57",36,100729.236048594,497593.434805928,59,2023-03-22 09:37:44,2023-03-24 01:09:31
"58",28,120117.638163145,490050.866138982,59,2023-03-22 09:37:44,2023-03-24 01:09:31
"59",1,127087.682752864,476510.483607765,59,2023-03-22 09:37:44,2023-03-24 01:09:31
"1",74,107022.772665685,478443.665558011,62,2023-03-22 09:39:26,2023-03-24 02:22:46
"2",22,103386.431757319,483070.067885699,62,2023-03-22 09:39:26,2023-03-24 02:22:46
"3",126,142342.606803094,486083.385841156,62,2023-03-22 09:39:26,2023-03-24 02:22:46
"4",112,122181.742884661,490105.380093253,62,2023-03-22 09:39:26,2023-03-24 02:22:46
"5",110,116454.170478119,477803.132037102,62,2023-03-22 09:39:26,2023-03-24 02:22:46
"6",12,117432.663988312,471664.418344969,62,2023-03-22 09:39:26,2023-03-24 02:22:46
"7",116,119918.097734696,491751.280138286,62,2023-03-22 09:39:26,2023-03-24 02:22:46
"8",15,112619.538385809,485886.069654016,62,2023-03-22 09:39:26,2023-03-24 02:22:46
"9",53,124496.148115119,479381.662991071,62,2023-03-22 09:39:26,2023-03-24 02:22:46
"10",48,120604.046339646,491230.978680722,62,2023-03-22 09:39:26,2023-03-24 02:22:46
"11",3,123653.99711289,468803.125366738,62,2023-03-22 09:39:26,2023-03-24 02:22:46
"12",31,109622.801329875,478462.757203508,62,2023-03-22 09:39:26,2023-03-24 02:22:46
"13",1,127087.6978077,476510.137854184,62,2023-03-22 09:39:26,2023-03-24 02:22:46
"14",91,129423.664966462,483620.321901804,62,2023-03-22 09:39:26,2023-03-24 02:22:46
"15",17,102700.338506606,474174.729489597,62,2023-03-22 09:39:26,2023-03-24 02:22:46
"16",76,125477.344132644,496830.762005253,62,2023-03-22 09:39:26,2023-03-24 02:22:46
"17",78,134132.392034693,501712.295744325,62,2023-03-22 09:39:26,2023-03-24 02:22:46
"18",128,140570.921592372,486288.508872768,62,2023-03-22 09:39:26,2023-03-24 02:22:46
"19",26,118529.592528699,490047.210930457,62,2023-03-22 09:39:26,2023-03-24 02:22:46
"20",38,114646.406510571,484055.136554823,62,2023-03-22 09:39:26,2023-03-24 02:22:46
"21",87,125020.168684963,483275.926094721,62,2023-03-22 09:39:26,2023-03-24 02:22:46
"22",115,122994.735585301,483235.097432787,62,2023-03-22 09:39:26,2023-03-24 02:22:46
"23",92,131488.561140233,503155.813587485,62,2023-03-22 09:39:26,2023-03-24 02:22:46
"24",86,140161.361199866,472432.22056428,62,2023-03-22 09:39:26,2023-03-24 02:22:46
"25",71,136791.672428354,474547.394896741,62,2023-03-22 09:39:26,2023-03-24 02:22:46
"26",27,107658.230130783,477593.835359692,62,2023-03-22 09:39:26,2023-03-24 02:22:46
"27",32,106438.387524152,484879.179051887,62,2023-03-22 09:39:26,2023-03-24 02:22:46
"28",56,138444.321078865,469480.986475808,62,2023-03-22 09:39:26,2023-03-24 02:22:46
"29",108,116173.717283972,495608.26444607,62,2023-03-22 09:39:26,2023-03-24 02:22:46
"30",35,115906.575120264,472909.054029606,62,2023-03-22 09:39:26,2023-03-24 02:22:46
"31",52,124354.261217385,488811.054202453,62,2023-03-22 09:39:26,2023-03-24 02:22:46
"32",23,131023.266041326,497886.390438221,62,2023-03-22 09:39:26,2023-03-24 02:22:46
"33",64,120407.702314833,493361.79091392,62,2023-03-22 09:39:26,2023-03-24 02:22:46
"34",24,114331.527711918,489613.251415455,62,2023-03-22 09:39:26,2023-03-24 02:22:46
"35",55,123536.635803228,488607.898431824,62,2023-03-22 09:39:26,2023-03-24 02:22:46
"36",36,100729.264804364,497592.342074662,62,2023-03-22 09:39:26,2023-03-24 02:22:46
"37",6,140147.298432979,485144.111090084,62,2023-03-22 09:39:26,2023-03-24 02:22:46
"38",88,112618.688434368,500075.144715905,62,2023-03-22 09:39:26,2023-03-24 02:22:46
"39",80,99321.3655097686,474285.019126008,62,2023-03-22 09:39:26,2023-03-24 02:22:46
"40",33,140344.088168222,475621.136387184,62,2023-03-22 09:39:26,2023-03-24 02:22:46
"41",73,114270.701364777,474340.288257104,62,2023-03-22 09:39:26,2023-03-24 02:22:46
"42",77,107728.75795117,480882.948658452,62,2023-03-22 09:39:26,2023-03-24 02:22:46
"43",93,141526.49298385,470239.272855559,62,2023-03-22 09:39:26,2023-03-24 02:22:46
"44",138,106723.790189723,470973.389787578,62,2023-03-22 09:39:26,2023-03-24 02:22:46
"45",57,112519.253968454,484593.738223356,62,2023-03-22 09:39:26,2023-03-24 02:22:46
"46",16,123447.075823829,482203.898248029,62,2023-03-22 09:39:26,2023-03-24 02:22:46
"47",122,118004.691126207,506945.076660879,62,2023-03-22 09:39:26,2023-03-24 02:22:46
"48",59,117548.919724702,477553.562257912,62,2023-03-22 09:39:26,2023-03-24 02:22:46
"49",132,102716.090749712,468811.774298466,62,2023-03-22 09:39:26,2023-03-24 02:22:46
"50",109,126475.201431526,482670.559539483,62,2023-03-22 09:39:26,2023-03-24 02:22:46
"51",63,115905.143203085,494233.516950424,62,2023-03-22 09:39:26,2023-03-24 02:22:46
"52",107,113741.51202241,471563.631707902,62,2023-03-22 09:39:26,2023-03-24 02:22:46
"53",105,104096.184979061,475471.712323187,62,2023-03-22 09:39:26,2023-03-24 02:22:46
"54",28,120117.614411671,490051.024240921,62,2023-03-22 09:39:26,2023-03-24 02:22:46
"55",103,112079.287422598,478291.967501679,62,2023-03-22 09:39:26,2023-03-24 02:22:46
"56",94,115908.700691519,495420.53242596,62,2023-03-22 09:39:26,2023-03-24 02:22:46
"57",11,139818.124632655,484098.840149796,62,2023-03-22 09:39:26,2023-03-24 02:22:46
"58",29,117792.194948595,490348.319540638,62,2023-03-22 09:39:26,2023-03-24 02:22:46
"59",60,118032.738371457,483977.653905913,62,2023-03-22 09:39:26,2023-03-24 02:22:46
"60",54,108909.170422113,479003.710322251,62,2023-03-22 09:39:26,2023-03-24 02:22:46
"61",129,98460.9223571801,478079.779645543,62,2023-03-22 09:39:26,2023-03-24 02:22:46
"62",43,112553.785919106,489824.767482955,62,2023-03-22 09:39:26,2023-03-24 02:22:46
"1",86,140161.264831804,472434.454108938,64,2023-03-22 09:37:22,2023-03-24 07:16:59
"2",12,117432.588082878,471665.546004308,64,2023-03-22 09:37:22,2023-03-24 07:16:59
"3",29,117792.112321782,490348.797545363,64,2023-03-22 09:37:22,2023-03-24 07:16:59
"4",123,118314.516272893,507055.715050403,64,2023-03-22 09:37:22,2023-03-24 07:16:59
"5",60,118032.696058316,483975.509049605,64,2023-03-22 09:37:22,2023-03-24 07:16:59
"6",110,116454.157329723,477804.784921191,64,2023-03-22 09:37:22,2023-03-24 07:16:59
"7",23,131023.253206338,497890.8769864,64,2023-03-22 09:37:22,2023-03-24 07:16:59
"8",95,114954.452130933,481839.431557067,64,2023-03-22 09:37:22,2023-03-24 07:16:59
"9",44,120825.906564488,491362.660665621,64,2023-03-22 09:37:22,2023-03-24 07:16:59
"10",79,140924.652681891,471233.914665242,64,2023-03-22 09:37:22,2023-03-24 07:16:59
"11",1,127087.68826331,476512.931576681,64,2023-03-22 09:37:22,2023-03-24 07:16:59
"12",53,124496.210611908,479380.262379867,64,2023-03-22 09:37:22,2023-03-24 07:16:59
"13",6,140147.318998925,485147.899175485,64,2023-03-22 09:37:22,2023-03-24 07:16:59
"14",131,98621.1322831238,478718.401503791,64,2023-03-22 09:37:22,2023-03-24 07:16:59
"15",132,102716.084445462,468811.875684994,64,2023-03-22 09:37:22,2023-03-24 07:16:59
"16",11,139818.174628209,484099.003567244,64,2023-03-22 09:37:22,2023-03-24 07:16:59
"17",112,122181.72968762,490108.011134186,64,2023-03-22 09:37:22,2023-03-24 07:16:59
"18",78,134132.399086176,501714.037493713,64,2023-03-22 09:37:22,2023-03-24 07:16:59
"19",87,125020.21752088,483278.665077819,64,2023-03-22 09:37:22,2023-03-24 07:16:59
"20",116,119918.124341284,491752.630428921,64,2023-03-22 09:37:22,2023-03-24 07:16:59
"21",138,106723.758441048,470975.39968389,64,2023-03-22 09:37:22,2023-03-24 07:16:59
"22",45,113924.69393221,475970.178270298,64,2023-03-22 09:37:22,2023-03-24 07:16:59
"23",24,114331.628084709,489611.567280642,64,2023-03-22 09:37:22,2023-03-24 07:16:59
"24",76,125477.338819824,496829.097024473,64,2023-03-22 09:37:22,2023-03-24 07:16:59
"25",36,100729.2459642,497592.56323194,64,2023-03-22 09:37:22,2023-03-24 07:16:59
"26",15,112619.615783666,485884.45711194,64,2023-03-22 09:37:22,2023-03-24 07:16:59
"27",59,117548.826102958,477555.504430989,64,2023-03-22 09:37:22,2023-03-24 07:16:59
"28",3,123654.034581218,468804.685973816,64,2023-03-22 09:37:22,2023-03-24 07:16:59
"29",108,116173.751150958,495611.991134241,64,2023-03-22 09:37:22,2023-03-24 07:16:59
"30",126,142342.686635626,486078.388155465,64,2023-03-22 09:37:22,2023-03-24 07:16:59
"31",64,120407.667971497,493357.311957403,64,2023-03-22 09:37:22,2023-03-24 07:16:59
"32",125,105873.461957535,508214.439784358,64,2023-03-22 09:37:22,2023-03-24 07:16:59
"33",43,112553.759105958,489829.086484497,64,2023-03-22 09:37:22,2023-03-24 07:16:59
"34",109,126475.172185574,482671.740764382,64,2023-03-22 09:37:22,2023-03-24 07:16:59
"35",27,107658.150356131,477597.899412807,64,2023-03-22 09:37:22,2023-03-24 07:16:59
"36",52,124354.251060971,488814.256788387,64,2023-03-22 09:37:22,2023-03-24 07:16:59
"37",28,120117.533822534,490054.364016901,64,2023-03-22 09:37:22,2023-03-24 07:16:59
"38",88,112618.686922132,500072.224719655,64,2023-03-22 09:37:22,2023-03-24 07:16:59
"39",56,138444.357230753,469484.423161148,64,2023-03-22 09:37:22,2023-03-24 07:16:59
"40",71,136791.632012205,474547.817898162,64,2023-03-22 09:37:22,2023-03-24 07:16:59
"41",94,115908.692122588,495422.838908195,64,2023-03-22 09:37:22,2023-03-24 07:16:59
"42",16,123447.092415029,482207.113377102,64,2023-03-22 09:37:22,2023-03-24 07:16:59
"43",32,106438.394226233,484880.904930474,64,2023-03-22 09:37:22,2023-03-24 07:16:59
"44",22,103386.476736084,483071.645009516,64,2023-03-22 09:37:22,2023-03-24 07:16:59
"45",77,107728.673174791,480879.000673343,64,2023-03-22 09:37:22,2023-03-24 07:16:59
"46",33,140344.101035997,475621.555060477,64,2023-03-22 09:37:22,2023-03-24 07:16:59
"47",31,109622.882719971,478464.161667866,64,2023-03-22 09:37:22,2023-03-24 07:16:59
"48",55,123536.600856037,488605.50243495,64,2023-03-22 09:37:22,2023-03-24 07:16:59
"49",63,115905.1489324,494236.062690525,64,2023-03-22 09:37:22,2023-03-24 07:16:59
"50",35,115906.599943231,472906.554797737,64,2023-03-22 09:37:22,2023-03-24 07:16:59
"51",80,99321.3515659146,474282.827499646,64,2023-03-22 09:37:22,2023-03-24 07:16:59
"52",128,140570.860479483,486289.690811666,64,2023-03-22 09:37:22,2023-03-24 07:16:59
"53",115,122994.722750515,483234.66888865,64,2023-03-22 09:37:22,2023-03-24 07:16:59
"54",92,131488.462093449,503162.069896093,64,2023-03-22 09:37:22,2023-03-24 07:16:59
"55",74,107022.748852466,478443.161218492,64,2023-03-22 09:37:22,2023-03-24 07:16:59
"56",107,113741.599488493,471565.194981867,64,2023-03-22 09:37:22,2023-03-24 07:16:59
"57",17,102700.327640206,474175.766356422,64,2023-03-22 09:37:22,2023-03-24 07:16:59
"58",91,129423.616648596,483625.628066985,64,2023-03-22 09:37:22,2023-03-24 07:16:59
"59",38,114646.475130751,484059.318615216,64,2023-03-22 09:37:22,2023-03-24 07:16:59
"60",93,141526.530822449,470240.308472357,64,2023-03-22 09:37:22,2023-03-24 07:16:59
"61",105,104096.220099174,475470.87500603,64,2023-03-22 09:37:22,2023-03-24 07:16:59
"62",54,108909.143486017,479006.165410915,64,2023-03-22 09:37:22,2023-03-24 07:16:59
"63",26,118529.489271854,490045.601226614,64,2023-03-22 09:37:22,2023-03-24 07:16:59
"64",57,112519.230370675,484599.454699585,64,2023-03-22 09:37:22,2023-03-24 07:16:59
"1",11,139818.15734118,484094.024429441,66,2023-03-22 09:38:10,2023-03-24 08:09:08
"2",112,122181.725722197,490108.07053068,66,2023-03-22 09:38:10,2023-03-24 08:09:08
"3",105,104096.285622849,475466.158218806,66,2023-03-22 09:38:10,2023-03-24 08:09:08
"4",27,107658.188419289,477593.50383702,66,2023-03-22 09:38:10,2023-03-24 08:09:08
"5",44,120825.973323457,491363.823346168,66,2023-03-22 09:38:10,2023-03-24 08:09:08
"6",87,125020.271237235,483277.272990944,66,2023-03-22 09:38:10,2023-03-24 08:09:08
"7",1,127087.741773467,476512.903987558,66,2023-03-22 09:38:10,2023-03-24 08:09:08
"8",138,106723.735874922,470972.530030547,66,2023-03-22 09:38:10,2023-03-24 08:09:08
"9",126,142342.660614442,486082.737143656,66,2023-03-22 09:38:10,2023-03-24 08:09:08
"10",110,116454.163015485,477803.546965818,66,2023-03-22 09:38:10,2023-03-24 08:09:08
"11",50,119091.880801892,488446.896565503,66,2023-03-22 09:38:10,2023-03-24 08:09:08
"12",6,140147.315417693,485148.565666523,66,2023-03-22 09:38:10,2023-03-24 08:09:08
"13",43,112553.770265269,489827.219013817,66,2023-03-22 09:38:10,2023-03-24 08:09:08
"14",17,102700.342162922,474178.647772435,66,2023-03-22 09:38:10,2023-03-24 08:09:08
"15",28,120117.570990517,490053.075970196,66,2023-03-22 09:38:10,2023-03-24 08:09:08
"16",53,124496.186578647,479379.657468065,66,2023-03-22 09:38:10,2023-03-24 08:09:08
"17",54,108909.180777591,479003.590098414,66,2023-03-22 09:38:10,2023-03-24 08:09:08
"18",77,107728.659998909,480881.361766278,66,2023-03-22 09:38:10,2023-03-24 08:09:08
"19",31,109622.848393082,478466.951065079,66,2023-03-22 09:38:10,2023-03-24 08:09:08
"20",74,107022.783190328,478440.920382336,66,2023-03-22 09:38:10,2023-03-24 08:09:08
"21",108,116173.730414744,495612.708619685,66,2023-03-22 09:38:10,2023-03-24 08:09:08
"22",129,98461.0091158287,478076.714455725,66,2023-03-22 09:38:10,2023-03-24 08:09:08
"23",119,117014.576971835,489441.279693622,66,2023-03-22 09:38:10,2023-03-24 08:09:08
"24",52,124354.30907714,488811.079751027,66,2023-03-22 09:38:10,2023-03-24 08:09:08
"25",26,118529.538252236,490048.038383343,66,2023-03-22 09:38:10,2023-03-24 08:09:08
"26",73,114270.675798637,474345.828180917,66,2023-03-22 09:38:10,2023-03-24 08:09:08
"27",91,129423.683688302,483620.425525158,66,2023-03-22 09:38:10,2023-03-24 08:09:08
"28",88,112618.656020037,500076.012389334,66,2023-03-22 09:38:10,2023-03-24 08:09:08
"29",3,123654.081149225,468802.96688514,66,2023-03-22 09:38:10,2023-03-24 08:09:08
"30",38,114646.498275643,484056.140040428,66,2023-03-22 09:38:10,2023-03-24 08:09:08
"31",36,100729.276434889,497594.522641432,66,2023-03-22 09:38:10,2023-03-24 08:09:08
"32",57,112519.256275802,484596.807211176,66,2023-03-22 09:38:10,2023-03-24 08:09:08
"33",109,126475.113219864,482668.636550789,66,2023-03-22 09:38:10,2023-03-24 08:09:08
"34",56,138444.326306406,469486.698207579,66,2023-03-22 09:38:10,2023-03-24 08:09:08
"35",79,140924.59939044,471231.860522427,66,2023-03-22 09:38:10,2023-03-24 08:09:08
"36",32,106438.390635593,484880.066985888,66,2023-03-22 09:38:10,2023-03-24 08:09:08
"37",76,125477.369156266,496830.127102647,66,2023-03-22 09:38:10,2023-03-24 08:09:08
"38",69,113137.940187455,473096.874127129,66,2023-03-22 09:38:10,2023-03-24 08:09:08
"39",60,118032.735840185,483973.811595423,66,2023-03-22 09:38:10,2023-03-24 08:09:08
"40",123,118314.556426332,507054.571695766,66,2023-03-22 09:38:10,2023-03-24 08:09:08
"41",64,120407.662814399,493361.431410376,66,2023-03-22 09:38:10,2023-03-24 08:09:08
"42",94,115908.615621409,495419.895369485,66,2023-03-22 09:38:10,2023-03-24 08:09:08
"43",71,136791.593818021,474547.119085915,66,2023-03-22 09:38:10,2023-03-24 08:09:08
"44",78,134132.365530792,501713.778132787,66,2023-03-22 09:38:10,2023-03-24 08:09:08
"45",35,115906.579001836,472906.294277097,66,2023-03-22 09:38:10,2023-03-24 08:09:08
"46",24,114331.568975296,489612.778244802,66,2023-03-22 09:38:10,2023-03-24 08:09:08
"47",63,115905.071301074,494232.304162494,66,2023-03-22 09:38:10,2023-03-24 08:09:08
"48",93,141526.512746894,470236.790045117,66,2023-03-22 09:38:10,2023-03-24 08:09:08
"49",23,131023.348023289,497888.701429526,66,2023-03-22 09:38:10,2023-03-24 08:09:08
"50",95,114954.501615551,481837.887724074,66,2023-03-22 09:38:10,2023-03-24 08:09:08
"51",22,103386.434618012,483069.213401518,66,2023-03-22 09:38:10,2023-03-24 08:09:08
"52",115,122994.662696402,483234.500448104,66,2023-03-22 09:38:10,2023-03-24 08:09:08
"53",33,140344.120787134,475622.278909977,66,2023-03-22 09:38:10,2023-03-24 08:09:08
"54",80,99321.30691256,474282.463590779,66,2023-03-22 09:38:10,2023-03-24 08:09:08
"55",103,112079.295193842,478290.124698245,66,2023-03-22 09:38:10,2023-03-24 08:09:08
"56",42,113935.63749979,486023.979985337,66,2023-03-22 09:38:10,2023-03-24 08:09:08
"57",59,117548.856629043,477554.043571159,66,2023-03-22 09:38:10,2023-03-24 08:09:08
"58",132,102716.10686722,468813.890782291,66,2023-03-22 09:38:10,2023-03-24 08:09:08
"59",92,131488.511810347,503155.96218059,66,2023-03-22 09:38:10,2023-03-24 08:09:08
"60",86,140161.332986799,472429.657196233,66,2023-03-22 09:38:10,2023-03-24 08:09:08
"61",12,117432.670764809,471666.600467452,66,2023-03-22 09:38:10,2023-03-24 08:09:08
"62",29,117792.14536523,490349.070138761,66,2023-03-22 09:38:10,2023-03-24 08:09:08
"63",55,123536.615098738,488608.717160702,66,2023-03-22 09:38:10,2023-03-24 08:09:08
"64",16,123447.043850469,482207.189309277,66,2023-03-22 09:38:10,2023-03-24 08:09:08
"65",128,140570.948257677,486289.798662389,66,2023-03-22 09:38:10,2023-03-24 08:09:08
"66",116,119918.171928553,491750.908837323,66,2023-03-22 09:38:10,2023-03-24 08:09:08
